BP_ID,solution,solution_txt_path,Image_1_path,Image_2_path,Image_3_path,Image_4_path,Image_5_path,Image_6_path,Image_7_path,Image_8_path,Image_9_path,Image_10_path,Image_11_path,Image_12_path
BP1,Empty image vs. non-empty image.,BP1\solution.txt,BP1\1.png,BP1\2.png,BP1\3.png,BP1\4.png,BP1\5.png,BP1\6.png,BP1\7.png,,,,,
BP2,Big vs. small.,BP2\solution.txt,BP2\8.png,BP2\9.png,BP2\10.png,BP2\11.png,BP2\12.png,BP2\13.png,BP2\14.png,BP2\15.png,BP2\16.png,BP2\17.png,BP2\18.png,BP2\19.png
BP3,Hollow outline vs. filled in solid.,BP3\solution.txt,BP3\20.png,BP3\21.png,BP3\22.png,BP3\23.png,BP3\24.png,BP3\25.png,BP3\26.png,BP3\27.png,BP3\28.png,BP3\29.png,BP3\30.png,BP3\31.png
BP4,Convex vs. concave.,BP4\solution.txt,BP4\32.png,BP4\33.png,BP4\34.png,BP4\35.png,BP4\36.png,BP4\37.png,BP4\38.png,BP4\39.png,BP4\40.png,BP4\41.png,BP4\42.png,BP4\43.png
BP5,Is polygon vs. is smooth without straight lines or corners.,BP5\solution.txt,BP5\44.png,BP5\45.png,BP5\46.png,BP5\47.png,BP5\48.png,BP5\49.png,BP5\50.png,BP5\51.png,BP5\52.png,BP5\53.png,BP5\54.png,BP5\55.png
BP6,Triangle vs. quadrilateral.,BP6\solution.txt,BP6\56.png,BP6\57.png,BP6\58.png,BP6\59.png,BP6\60.png,BP6\61.png,BP6\62.png,BP6\63.png,BP6\64.png,BP6\65.png,BP6\66.png,BP6\67.png
BP7,Taller than wide vs. wider than tall.,BP7\solution.txt,BP7\68.png,BP7\69.png,BP7\70.png,BP7\71.png,BP7\72.png,BP7\73.png,BP7\74.png,BP7\75.png,BP7\76.png,BP7\77.png,BP7\78.png,BP7\79.png
BP8,Positioned right vs. positioned left.,BP8\solution.txt,BP8\80.png,BP8\81.png,BP8\82.png,BP8\83.png,BP8\84.png,BP8\85.png,BP8\86.png,BP8\87.png,BP8\88.png,BP8\89.png,BP8\90.png,BP8\91.png
BP9,Non-wiggly outline vs. wiggly outline.,BP9\solution.txt,BP9\92.png,BP9\93.png,BP9\94.png,BP9\95.png,BP9\96.png,BP9\97.png,BP9\98.png,BP9\99.png,BP9\100.png,BP9\101.png,BP9\102.png,BP9\103.png
BP10,Approximately triangular outline vs. approximately convex quadrilateral outline.,BP10\solution.txt,BP10\104.png,BP10\105.png,BP10\106.png,BP10\107.png,BP10\108.png,BP10\109.png,BP10\110.png,BP10\111.png,BP10\112.png,BP10\113.png,BP10\114.png,BP10\115.png
BP11,Thin and elongated vs. compact.,BP11\solution.txt,BP11\116.png,BP11\117.png,BP11\118.png,BP11\119.png,BP11\120.png,BP11\121.png,BP11\122.png,BP11\123.png,BP11\124.png,BP11\125.png,BP11\126.png,BP11\127.png
BP12,Thin elongated convex hull vs. compact convex hull.,BP12\solution.txt,BP12\128.png,BP12\129.png,BP12\130.png,BP12\131.png,BP12\132.png,BP12\133.png,BP12\134.png,BP12\135.png,BP12\136.png,BP12\137.png,BP12\138.png,BP12\139.png
BP13,Tall rectangle OR wide ellipse vs. wide rectangle OR tall ellipse.,BP13\solution.txt,BP13\140.png,BP13\141.png,BP13\142.png,BP13\143.png,BP13\144.png,BP13\145.png,BP13\146.png,BP13\147.png,BP13\148.png,BP13\149.png,BP13\150.png,BP13\151.png
BP14,All big individual figures vs. all small individual figures.,BP14\solution.txt,BP14\152.png,BP14\153.png,BP14\154.png,BP14\155.png,BP14\156.png,BP14\157.png,BP14\158.png,BP14\159.png,BP14\160.png,BP14\161.png,BP14\162.png,BP14\163.png
BP15,Closed shape outline vs. non-closed curve.,BP15\solution.txt,BP15\164.png,BP15\165.png,BP15\166.png,BP15\167.png,BP15\168.png,BP15\169.png,BP15\170.png,BP15\171.png,BP15\172.png,BP15\173.png,BP15\174.png,BP15\175.png
BP16,Clockwise spiraling curve vs. counter-clockwise spiraling curve.,BP16\solution.txt,BP16\176.png,BP16\177.png,BP16\178.png,BP16\179.png,BP16\180.png,BP16\181.png,BP16\182.png,BP16\183.png,BP16\184.png,BP16\185.png,BP16\186.png,BP16\187.png
BP17,Shape with a reflex corner vs. shape without a reflex corner.,BP17\solution.txt,BP17\188.png,BP17\189.png,BP17\190.png,BP17\191.png,BP17\192.png,BP17\193.png,BP17\194.png,BP17\195.png,BP17\196.png,BP17\197.png,BP17\198.png,BP17\199.png
BP18,"""Pinched"" shape (drastically thinner somewhere in the middle than on the ends) vs. non-pinched shape.",BP18\solution.txt,BP18\200.png,BP18\201.png,BP18\202.png,BP18\203.png,BP18\204.png,BP18\205.png,BP18\206.png,BP18\207.png,BP18\208.png,BP18\209.png,BP18\210.png,BP18\211.png
BP19,Horizontal pinch vs. vertical pinch.,BP19\solution.txt,BP19\212.png,BP19\213.png,BP19\214.png,BP19\215.png,BP19\216.png,BP19\217.png,BP19\218.png,BP19\219.png,BP19\220.png,BP19\221.png,BP19\222.png,BP19\223.png
BP20,Both dots touching same bulb vs. dots on opposite bulbs.,BP20\solution.txt,BP20\224.png,BP20\225.png,BP20\226.png,BP20\227.png,BP20\228.png,BP20\229.png,BP20\230.png,BP20\231.png,BP20\232.png,BP20\233.png,BP20\234.png,BP20\235.png
BP21,Small shape present vs. all shapes large.,BP21\solution.txt,BP21\236.png,BP21\237.png,BP21\238.png,BP21\239.png,BP21\240.png,BP21\241.png,BP21\242.png,BP21\243.png,BP21\244.png,BP21\245.png,BP21\246.png,BP21\247.png
BP22,All shapes approximately the same size vs. shapes of different size.,BP22\solution.txt,BP22\248.png,BP22\249.png,BP22\250.png,BP22\251.png,BP22\252.png,BP22\253.png,BP22\254.png,BP22\255.png,BP22\256.png,BP22\257.png,BP22\258.png,BP22\259.png
BP23,One vs. two figures.,BP23\solution.txt,BP23\260.png,BP23\261.png,BP23\262.png,BP23\263.png,BP23\264.png,BP23\265.png,BP23\266.png,BP23\267.png,BP23\268.png,BP23\269.png,BP23\270.png,BP23\271.png
BP24,A circle vs. no circle.,BP24\solution.txt,BP24\272.png,BP24\273.png,BP24\274.png,BP24\275.png,BP24\276.png,BP24\277.png,BP24\278.png,BP24\279.png,BP24\280.png,BP24\281.png,BP24\282.png,BP24\283.png
BP25,Black figure is a triangle vs. black figure is a circle.,BP25\solution.txt,BP25\284.png,BP25\285.png,BP25\286.png,BP25\287.png,BP25\288.png,BP25\289.png,BP25\290.png,BP25\291.png,BP25\292.png,BP25\293.png,BP25\294.png,BP25\295.png
BP26,Solid black triangle vs. no solid black triangle.,BP26\solution.txt,BP26\296.png,BP26\297.png,BP26\298.png,BP26\299.png,BP26\300.png,BP26\301.png,BP26\302.png,BP26\303.png,BP26\304.png,BP26\305.png,BP26\306.png,BP26\307.png
BP27,More solid black figures vs. more outline figures.,BP27\solution.txt,BP27\308.png,BP27\309.png,BP27\310.png,BP27\311.png,BP27\312.png,BP27\313.png,BP27\314.png,BP27\315.png,BP27\316.png,BP27\317.png,BP27\318.png,BP27\319.png
BP28,More solid black circles vs. more outline circles.,BP28\solution.txt,BP28\320.png,BP28\321.png,BP28\322.png,BP28\323.png,BP28\324.png,BP28\325.png,BP28\326.png,BP28\327.png,BP28\328.png,BP28\329.png,BP28\330.png,BP28\331.png
BP29,There are more small circles inside the figure outline than outside vs. there are fewer small circles inside the figure outline than outside.,BP29\solution.txt,BP29\332.png,BP29\333.png,BP29\334.png,BP29\335.png,BP29\336.png,BP29\337.png,BP29\338.png,BP29\339.png,BP29\340.png,BP29\341.png,BP29\342.png,BP29\343.png
BP30,A curve with one self-crossing vs. a curve without a self-crossing.,BP30\solution.txt,BP30\344.png,BP30\345.png,BP30\346.png,BP30\347.png,BP30\348.png,BP30\349.png,BP30\350.png,BP30\351.png,BP30\352.png,BP30\353.png,BP30\354.png,BP30\355.png
BP31,One line vs. two lines.,BP31\solution.txt,BP31\356.png,BP31\357.png,BP31\358.png,BP31\359.png,BP31\360.png,BP31\361.png,BP31\362.png,BP31\363.png,BP31\364.png,BP31\365.png,BP31\366.png,BP31\367.png
BP32,A sharp projection vs. no sharp projection.,BP32\solution.txt,BP32\368.png,BP32\369.png,BP32\370.png,BP32\371.png,BP32\372.png,BP32\373.png,BP32\374.png,BP32\375.png,BP32\376.png,BP32\377.png,BP32\378.png,BP32\379.png
BP33,Acute angle vs. no acute angle.,BP33\solution.txt,BP33\380.png,BP33\381.png,BP33\382.png,BP33\383.png,BP33\384.png,BP33\385.png,BP33\386.png,BP33\387.png,BP33\388.png,BP33\389.png,BP33\390.png,BP33\391.png
BP34,A large hole vs. a small hole.,BP34\solution.txt,BP34\392.png,BP34\393.png,BP34\394.png,BP34\395.png,BP34\396.png,BP34\397.png,BP34\398.png,BP34\399.png,BP34\400.png,BP34\401.png,BP34\402.png,BP34\403.png
BP35,The axis of the hole is parallel to the figure axis vs. the axis of the hole is perpendicular to the figure axis.,BP35\solution.txt,BP35\404.png,BP35\405.png,BP35\406.png,BP35\407.png,BP35\408.png,BP35\409.png,BP35\410.png,BP35\411.png,BP35\412.png,BP35\413.png,BP35\414.png,BP35\415.png
BP36,Triangle above circle vs. circle above triangle.,BP36\solution.txt,BP36\416.png,BP36\417.png,BP36\418.png,BP36\419.png,BP36\420.png,BP36\421.png,BP36\422.png,BP36\423.png,BP36\424.png,BP36\425.png,BP36\426.png,BP36\427.png
BP37,Triangle above circle vs. circle above triangle.,BP37\solution.txt,BP37\428.png,BP37\429.png,BP37\430.png,BP37\431.png,BP37\432.png,BP37\433.png,BP37\434.png,BP37\435.png,BP37\436.png,BP37\437.png,BP37\438.png,BP37\439.png
BP38,Triangle larger than circle vs. triangle smaller than circle.,BP38\solution.txt,BP38\440.png,BP38\441.png,BP38\442.png,BP38\443.png,BP38\444.png,BP38\445.png,BP38\446.png,BP38\447.png,BP38\448.png,BP38\449.png,BP38\450.png,BP38\451.png
BP39,Segments approximately parallel to each other vs. large angles between segments.,BP39\solution.txt,BP39\452.png,BP39\453.png,BP39\454.png,BP39\455.png,BP39\456.png,BP39\457.png,BP39\458.png,BP39\459.png,BP39\460.png,BP39\461.png,BP39\462.png,BP39\463.png
BP40,Three points on a straight line vs. no three points on a straight line.,BP40\solution.txt,BP40\464.png,BP40\465.png,BP40\466.png,BP40\467.png,BP40\468.png,BP40\469.png,BP40\470.png,BP40\471.png,BP40\472.png,BP40\473.png,BP40\474.png,BP40\475.png
BP41,Outline circles on one straight line vs. outline circles not on one straight line.,BP41\solution.txt,BP41\476.png,BP41\477.png,BP41\478.png,BP41\479.png,BP41\480.png,BP41\481.png,BP41\482.png,BP41\483.png,BP41\484.png,BP41\485.png,BP41\486.png,BP41\487.png
BP42,Points inside the figure outline are on a straight line vs. points inside the figure outline are not on a straight line.,BP42\solution.txt,BP42\488.png,BP42\489.png,BP42\490.png,BP42\491.png,BP42\492.png,BP42\493.png,BP42\494.png,BP42\495.png,BP42\496.png,BP42\497.png,BP42\498.png,BP42\499.png
BP43,The vibration amplitude increases from left to right vs. the vibration amplitude decreases from left to right.,BP43\solution.txt,BP43\500.png,BP43\501.png,BP43\502.png,BP43\503.png,BP43\504.png,BP43\505.png,BP43\506.png,BP43\507.png,BP43\508.png,BP43\509.png,BP43\510.png,BP43\511.png
BP44,Small circles on different arcs vs. small circles on one arc.,BP44\solution.txt,BP44\512.png,BP44\513.png,BP44\514.png,BP44\515.png,BP44\516.png,BP44\517.png,BP44\518.png,BP44\519.png,BP44\520.png,BP44\521.png,BP44\522.png,BP44\523.png
BP45,Outline figure on top of solid black figure vs. black figure on top of outline figure.,BP45\solution.txt,BP45\524.png,BP45\525.png,BP45\526.png,BP45\527.png,BP45\528.png,BP45\529.png,BP45\530.png,BP45\531.png,BP45\532.png,BP45\533.png,BP45\534.png,BP45\535.png
BP46,Triangle on top of the circle vs. circle on top of the triangle.,BP46\solution.txt,BP46\536.png,BP46\537.png,BP46\538.png,BP46\539.png,BP46\540.png,BP46\541.png,BP46\542.png,BP46\543.png,BP46\544.png,BP46\545.png,BP46\546.png,BP46\547.png
BP47,Triangle inside of the circle vs. circle inside of the triangle.,BP47\solution.txt,BP47\548.png,BP47\549.png,BP47\550.png,BP47\551.png,BP47\552.png,BP47\553.png,BP47\554.png,BP47\555.png,BP47\556.png,BP47\557.png,BP47\558.png,BP47\559.png
BP48,Solid dark figures above the outline figures vs. outline figures above the solid dark figures.,BP48\solution.txt,BP48\560.png,BP48\561.png,BP48\562.png,BP48\563.png,BP48\564.png,BP48\565.png,BP48\566.png,BP48\567.png,BP48\568.png,BP48\569.png,BP48\570.png,BP48\571.png
BP49,Points inside the figure outline are grouped more densely than outside the contour vs. points outside the figure contour are grouped more densely than inside the contour.,BP49\solution.txt,BP49\572.png,BP49\573.png,BP49\574.png,BP49\575.png,BP49\576.png,BP49\577.png,BP49\578.png,BP49\579.png,BP49\580.png,BP49\581.png,BP49\582.png,BP49\583.png
BP50,Vertical axis of symmetry vs. no axis of symmetry.,BP50\solution.txt,BP50\584.png,BP50\585.png,BP50\586.png,BP50\587.png,BP50\588.png,BP50\589.png,BP50\590.png,BP50\591.png,BP50\592.png,BP50\593.png,BP50\594.png,BP50\595.png
BP51,Two circles close to each other vs. no two circles close to each other.,BP51\solution.txt,BP51\596.png,BP51\597.png,BP51\598.png,BP51\599.png,BP51\600.png,BP51\601.png,BP51\602.png,BP51\603.png,BP51\604.png,BP51\605.png,BP51\606.png,BP51\607.png
BP52,Arrows pointing in different directions vs. arrows pointing in the same direction.,BP52\solution.txt,BP52\608.png,BP52\609.png,BP52\610.png,BP52\611.png,BP52\612.png,BP52\613.png,BP52\614.png,BP52\615.png,BP52\616.png,BP52\617.png,BP52\618.png,BP52\619.png
BP53,Inside figure has fewer angles than outside figure vs. inside figure has more angles than outside figure.,BP53\solution.txt,BP53\620.png,BP53\621.png,BP53\622.png,BP53\623.png,BP53\624.png,BP53\625.png,BP53\626.png,BP53\627.png,BP53\628.png,BP53\629.png,BP53\630.png,BP53\631.png
BP54,"A cross, circle, and triangle arranged counterclockwise vs. a cross, circle, and triangle arranged clockwise.",BP54\solution.txt,BP54\632.png,BP54\633.png,BP54\634.png,BP54\635.png,BP54\636.png,BP54\637.png,BP54\638.png,BP54\639.png,BP54\640.png,BP54\641.png,BP54\642.png,BP54\643.png
BP55,A circle is at the left of the cavity if you look from inside the figure vs. a circle is at the right of the cavity if you look from inside the figure.,BP55\solution.txt,BP55\644.png,BP55\645.png,BP55\646.png,BP55\647.png,BP55\648.png,BP55\649.png,BP55\650.png,BP55\651.png,BP55\652.png,BP55\653.png,BP55\654.png,BP55\655.png
BP56,All figures of the same color vs. figures of different colors.,BP56\solution.txt,BP56\656.png,BP56\657.png,BP56\658.png,BP56\659.png,BP56\660.png,BP56\661.png,BP56\662.png,BP56\663.png,BP56\664.png,BP56\665.png,BP56\666.png,BP56\667.png
BP57,Identical figures vs. figures not identical.,BP57\solution.txt,BP57\668.png,BP57\669.png,BP57\670.png,BP57\671.png,BP57\672.png,BP57\673.png,BP57\674.png,BP57\675.png,BP57\676.png,BP57\677.png,BP57\678.png,BP57\679.png
BP58,Solid dark quadrangles are identical vs. solid dark quadrangles are different.,BP58\solution.txt,BP58\680.png,BP58\681.png,BP58\682.png,BP58\683.png,BP58\684.png,BP58\685.png,BP58\686.png,BP58\687.png,BP58\688.png,BP58\689.png,BP58\690.png,BP58\691.png
BP59,Figures are similar vs. figures are not similar.,BP59\solution.txt,BP59\692.png,BP59\693.png,BP59\694.png,BP59\695.png,BP59\696.png,BP59\697.png,BP59\698.png,BP59\699.png,BP59\700.png,BP59\701.png,BP59\702.png,BP59\703.png
BP60,Some similar figures vs. no similar figures.,BP60\solution.txt,BP60\704.png,BP60\705.png,BP60\706.png,BP60\707.png,BP60\708.png,BP60\709.png,BP60\710.png,BP60\711.png,BP60\712.png,BP60\713.png,BP60\714.png,BP60\715.png
BP61,A line separates the crosses in half vs. a line does not separate the crosses in half.,BP61\solution.txt,BP61\716.png,BP61\717.png,BP61\718.png,BP61\719.png,BP61\720.png,BP61\721.png,BP61\722.png,BP61\723.png,BP61\724.png,BP61\725.png,BP61\726.png,BP61\727.png
BP62,Ends of the curve are far apart vs. ends of the curve are close together.,BP62\solution.txt,BP62\728.png,BP62\729.png,BP62\730.png,BP62\731.png,BP62\732.png,BP62\733.png,BP62\734.png,BP62\735.png,BP62\736.png,BP62\737.png,BP62\738.png,BP62\739.png
BP63,Shading thicker on the right side vs. shading thicker on the left side.,BP63\solution.txt,BP63\740.png,BP63\741.png,BP63\742.png,BP63\743.png,BP63\744.png,BP63\745.png,BP63\746.png,BP63\747.png,BP63\748.png,BP63\749.png,BP63\750.png,BP63\751.png
BP64,A cross is located on the extension of the ellipse axis vs. a circle is located on the extension of the ellipse axis.,BP64\solution.txt,BP64\752.png,BP64\753.png,BP64\754.png,BP64\755.png,BP64\756.png,BP64\757.png,BP64\758.png,BP64\759.png,BP64\760.png,BP64\761.png,BP64\762.png,BP64\763.png
BP65,A set of triangles elongated horizontally vs. a set of triangles elongated vertically.,BP65\solution.txt,BP65\764.png,BP65\765.png,BP65\766.png,BP65\767.png,BP65\768.png,BP65\769.png,BP65\770.png,BP65\771.png,BP65\772.png,BP65\773.png,BP65\774.png,BP65\775.png
BP66,Unconnected circles on a horizontal line vs. unconnected circles on a vertical line.,BP66\solution.txt,BP66\776.png,BP66\777.png,BP66\778.png,BP66\779.png,BP66\780.png,BP66\781.png,BP66\782.png,BP66\783.png,BP66\784.png,BP66\785.png,BP66\786.png,BP66\787.png
BP67,The right branch begins at a higher point than the left branch vs. the right branch begins at a lower point than the left branch.,BP67\solution.txt,BP67\788.png,BP67\789.png,BP67\790.png,BP67\791.png,BP67\792.png,BP67\793.png,BP67\794.png,BP67\795.png,BP67\796.png,BP67\797.png,BP67\798.png,BP67\799.png
BP68,The end of the right branch is higher than that of the left branch vs. the end of the right branch is lower than that of the left branch.,BP68\solution.txt,BP68\800.png,BP68\801.png,BP68\802.png,BP68\803.png,BP68\804.png,BP68\805.png,BP68\806.png,BP68\807.png,BP68\808.png,BP68\809.png,BP68\810.png,BP68\811.png
BP69,Large black dot on the main branch vs. large black dot on a side branch.,BP69\solution.txt,BP69\812.png,BP69\813.png,BP69\814.png,BP69\815.png,BP69\816.png,BP69\817.png,BP69\818.png,BP69\819.png,BP69\820.png,BP69\821.png,BP69\822.png,BP69\823.png
BP70,There are no side branches of the second order vs. there are side branches of the second order.,BP70\solution.txt,BP70\824.png,BP70\825.png,BP70\826.png,BP70\827.png,BP70\828.png,BP70\829.png,BP70\830.png,BP70\831.png,BP70\832.png,BP70\833.png,BP70\834.png,BP70\835.png
BP71,There are inside figures of the second order vs. there are no inside figures of the second order.,BP71\solution.txt,BP71\836.png,BP71\837.png,BP71\838.png,BP71\839.png,BP71\840.png,BP71\841.png,BP71\842.png,BP71\843.png,BP71\844.png,BP71\845.png,BP71\846.png,BP71\847.png
BP72,Ends of the curve are parallel vs. ends of the curve are perpendicular.,BP72\solution.txt,BP72\848.png,BP72\849.png,BP72\850.png,BP72\851.png,BP72\852.png,BP72\853.png,BP72\854.png,BP72\855.png,BP72\856.png,BP72\857.png,BP72\858.png,BP72\859.png
BP73,The long axes of the ellipse and rectangle are perpendicular vs. the long axes of the ellipse and rectangle are parallel.,BP73\solution.txt,BP73\860.png,BP73\861.png,BP73\862.png,BP73\863.png,BP73\864.png,BP73\865.png,BP73\866.png,BP73\867.png,BP73\868.png,BP73\869.png,BP73\870.png,BP73\871.png
BP74,A tail grows from the obtuse end vs. a tail grows from the acute end.,BP74\solution.txt,BP74\872.png,BP74\873.png,BP74\874.png,BP74\875.png,BP74\876.png,BP74\877.png,BP74\878.png,BP74\879.png,BP74\880.png,BP74\881.png,BP74\882.png,BP74\883.png
BP75,Triangle located at the concave side of an arc vs. triangle located at the convex side of an arc.,BP75\solution.txt,BP75\884.png,BP75\885.png,BP75\886.png,BP75\887.png,BP75\888.png,BP75\889.png,BP75\890.png,BP75\891.png,BP75\892.png,BP75\893.png,BP75\894.png,BP75\895.png
BP76,Long sides concave vs. long sides convex.,BP76\solution.txt,BP76\896.png,BP76\897.png,BP76\898.png,BP76\899.png,BP76\900.png,BP76\901.png,BP76\902.png,BP76\903.png,BP76\904.png,BP76\905.png,BP76\906.png,BP76\907.png
BP77,Angle divided in half vs. angle not divided in half.,BP77\solution.txt,BP77\908.png,BP77\909.png,BP77\910.png,BP77\911.png,BP77\912.png,BP77\913.png,BP77\914.png,BP77\915.png,BP77\916.png,BP77\917.png,BP77\918.png,BP77\919.png
BP78,Extensions of segments cross at one point vs. extensions of segments do not cross at one point.,BP78\solution.txt,BP78\920.png,BP78\921.png,BP78\922.png,BP78\923.png,BP78\924.png,BP78\925.png,BP78\926.png,BP78\927.png,BP78\928.png,BP78\929.png,BP78\930.png,BP78\931.png
BP79,A dark circle is closer to the outline circle than to the triangle vs. a dark circle is closer to the triangle than to the outline circle.,BP79\solution.txt,BP79\932.png,BP79\933.png,BP79\934.png,BP79\935.png,BP79\936.png,BP79\937.png,BP79\938.png,BP79\939.png,BP79\940.png,BP79\941.png,BP79\942.png,BP79\943.png
BP80,Points located at the same distances from a cross vs. points located at different distances from a cross.,BP80\solution.txt,BP80\944.png,BP80\945.png,BP80\946.png,BP80\947.png,BP80\948.png,BP80\949.png,BP80\950.png,BP80\951.png,BP80\952.png,BP80\953.png,BP80\954.png,BP80\955.png
BP81,Dark figures can be divided from outline figures by a straight line vs. convex hulls of filled and outlined figures overlap.,BP81\solution.txt,BP81\956.png,BP81\957.png,BP81\958.png,BP81\959.png,BP81\960.png,BP81\961.png,BP81\962.png,BP81\963.png,BP81\964.png,BP81\965.png,BP81\966.png,BP81\967.png
BP82,The convex hull of the crosses forms an equilateral triangle vs. the convex hull of the crosses does not form an equilateral triangle.,BP82\solution.txt,BP82\968.png,BP82\969.png,BP82\970.png,BP82\971.png,BP82\972.png,BP82\973.png,BP82\974.png,BP82\975.png,BP82\976.png,BP82\977.png,BP82\978.png,BP82\979.png
BP83,A circle is inside of a figure made by crosses vs. a circle is outside of figures made by crosses.,BP83\solution.txt,BP83\980.png,BP83\981.png,BP83\982.png,BP83\983.png,BP83\984.png,BP83\985.png,BP83\986.png,BP83\987.png,BP83\988.png,BP83\989.png,BP83\990.png,BP83\991.png
BP84,A quadrangle is outside of a figure made by circles vs. a quadrangle is inside of a figure made by circles.,BP84\solution.txt,BP84\992.png,BP84\993.png,BP84\994.png,BP84\995.png,BP84\996.png,BP84\997.png,BP84\998.png,BP84\999.png,BP84\1000.png,BP84\1001.png,BP84\1002.png,BP84\1003.png
BP85,Three parts vs. five parts.,BP85\solution.txt,BP85\1004.png,BP85\1005.png,BP85\1006.png,BP85\1007.png,BP85\1008.png,BP85\1009.png,BP85\1010.png,BP85\1011.png,BP85\1012.png,BP85\1013.png,BP85\1014.png,BP85\1015.png
BP86,Three parts vs. five parts.,BP86\solution.txt,BP86\1016.png,BP86\1017.png,BP86\1018.png,BP86\1019.png,BP86\1020.png,BP86\1021.png,BP86\1022.png,BP86\1023.png,BP86\1024.png,BP86\1025.png,BP86\1026.png,BP86\1027.png
BP87,Four parts vs. five parts.,BP87\solution.txt,BP87\1028.png,BP87\1029.png,BP87\1030.png,BP87\1031.png,BP87\1032.png,BP87\1033.png,BP87\1034.png,BP87\1035.png,BP87\1036.png,BP87\1037.png,BP87\1038.png,BP87\1039.png
BP88,Three parts vs. five parts.,BP88\solution.txt,BP88\1040.png,BP88\1041.png,BP88\1042.png,BP88\1043.png,BP88\1044.png,BP88\1045.png,BP88\1046.png,BP88\1047.png,BP88\1048.png,BP88\1049.png,BP88\1050.png,BP88\1051.png
BP89,Three parts vs. five parts.,BP89\solution.txt,BP89\1052.png,BP89\1053.png,BP89\1054.png,BP89\1055.png,BP89\1056.png,BP89\1057.png,BP89\1058.png,BP89\1059.png,BP89\1060.png,BP89\1061.png,BP89\1062.png,BP89\1063.png
BP90,Three parts vs. four parts.,BP90\solution.txt,BP90\1064.png,BP90\1065.png,BP90\1066.png,BP90\1067.png,BP90\1068.png,BP90\1069.png,BP90\1070.png,BP90\1071.png,BP90\1072.png,BP90\1073.png,BP90\1074.png,BP90\1075.png
BP91,Three identical elements vs. four identical elements.,BP91\solution.txt,BP91\1076.png,BP91\1077.png,BP91\1078.png,BP91\1079.png,BP91\1080.png,BP91\1081.png,BP91\1082.png,BP91\1083.png,BP91\1084.png,BP91\1085.png,BP91\1086.png,BP91\1087.png
BP92,The chain does not branch vs. the chain branches.,BP92\solution.txt,BP92\1088.png,BP92\1089.png,BP92\1090.png,BP92\1091.png,BP92\1092.png,BP92\1093.png,BP92\1094.png,BP92\1095.png,BP92\1096.png,BP92\1097.png,BP92\1098.png,BP92\1099.png
BP93,Branches at outlined circle vs. branches at solid dark circle.,BP93\solution.txt,BP93\1100.png,BP93\1101.png,BP93\1102.png,BP93\1103.png,BP93\1104.png,BP93\1105.png,BP93\1106.png,BP93\1107.png,BP93\1108.png,BP93\1109.png,BP93\1110.png,BP93\1111.png
BP94,Solid dark circle not at end vs. solid dark circle at end.,BP94\solution.txt,BP94\1112.png,BP94\1113.png,BP94\1114.png,BP94\1115.png,BP94\1116.png,BP94\1117.png,BP94\1118.png,BP94\1119.png,BP94\1120.png,BP94\1121.png,BP94\1122.png,BP94\1123.png
BP95,Vertical hatched lines vs. horizontal hatched lines.,BP95\solution.txt,BP95\1124.png,BP95\1125.png,BP95\1126.png,BP95\1127.png,BP95\1128.png,BP95\1129.png,BP95\1130.png,BP95\1131.png,BP95\1132.png,BP95\1133.png,BP95\1134.png,BP95\1135.png
BP96,Triangles vs. quadrangles.,BP96\solution.txt,BP96\1136.png,BP96\1137.png,BP96\1138.png,BP96\1139.png,BP96\1140.png,BP96\1141.png,BP96\1142.png,BP96\1143.png,BP96\1144.png,BP96\1145.png,BP96\1146.png,BP96\1147.png
BP97,Triangles vs. circles.,BP97\solution.txt,BP97\1148.png,BP97\1149.png,BP97\1150.png,BP97\1151.png,BP97\1152.png,BP97\1153.png,BP97\1154.png,BP97\1155.png,BP97\1156.png,BP97\1157.png,BP97\1158.png,BP97\1159.png
BP98,Triangles vs. quadrangles.,BP98\solution.txt,BP98\1160.png,BP98\1161.png,BP98\1162.png,BP98\1163.png,BP98\1164.png,BP98\1165.png,BP98\1166.png,BP98\1167.png,BP98\1168.png,BP98\1169.png,BP98\1170.png,BP98\1171.png
BP99,Outlines made by triangles and circles intersect vs. outlines made by triangles and circles do not intersect.,BP99\solution.txt,BP99\1172.png,BP99\1173.png,BP99\1174.png,BP99\1175.png,BP99\1176.png,BP99\1177.png,BP99\1178.png,BP99\1179.png,BP99\1180.png,BP99\1181.png,BP99\1182.png,BP99\1183.png
BP100,The letter A vs. the letter Ð‘.,BP100\solution.txt,BP100\1184.png,BP100\1185.png,BP100\1186.png,BP100\1187.png,BP100\1188.png,BP100\1189.png,BP100\1190.png,BP100\1191.png,BP100\1192.png,BP100\1193.png,BP100\1194.png,BP100\1195.png
BP101,Parallel dents vs. perpendicular dents.,BP101\solution.txt,BP101\1196.png,BP101\1197.png,BP101\1198.png,BP101\1199.png,BP101\1200.png,BP101\1201.png,BP101\1202.png,BP101\1203.png,BP101\1204.png,BP101\1205.png,BP101\1206.png,BP101\1207.png
BP102,Internal arrows point outward vs. internal arrows point inward.,BP102\solution.txt,BP102\1208.png,BP102\1209.png,BP102\1210.png,BP102\1211.png,BP102\1212.png,BP102\1213.png,BP102\1214.png,BP102\1215.png,BP102\1216.png,BP102\1217.png,BP102\1218.png,BP102\1219.png
BP103,Isosceles triangle vs. scalene triangle.,BP103\solution.txt,BP103\1220.png,BP103\1221.png,BP103\1222.png,BP103\1223.png,BP103\1224.png,BP103\1225.png,BP103\1226.png,BP103\1227.png,BP103\1228.png,BP103\1229.png,BP103\1230.png,BP103\1231.png
BP104,One circle passes through the center of the other circle vs. no circle passes through the center of the other circle.,BP104\solution.txt,BP104\1232.png,BP104\1233.png,BP104\1234.png,BP104\1235.png,BP104\1236.png,BP104\1237.png,BP104\1238.png,BP104\1239.png,BP104\1240.png,BP104\1241.png,BP104\1242.png,BP104\1243.png
BP105,Ends of line point to the same direction vs. ends of line do not point to the same direction.,BP105\solution.txt,BP105\1244.png,BP105\1245.png,BP105\1246.png,BP105\1247.png,BP105\1248.png,BP105\1249.png,BP105\1250.png,BP105\1251.png,BP105\1252.png,BP105\1253.png,BP105\1254.png,BP105\1255.png
BP106,Negative slope vs. positive slope.,BP106\solution.txt,BP106\1256.png,BP106\1257.png,BP106\1258.png,BP106\1259.png,BP106\1260.png,BP106\1261.png,BP106\1262.png,BP106\1263.png,BP106\1264.png,BP106\1265.png,BP106\1266.png,BP106\1267.png
BP107,Three simple lines vs. three complex lines.,BP107\solution.txt,BP107\1268.png,BP107\1269.png,BP107\1270.png,BP107\1271.png,BP107\1272.png,BP107\1273.png,BP107\1274.png,BP107\1275.png,BP107\1276.png,BP107\1277.png,BP107\1278.png,BP107\1279.png
BP108,Petals taper off vs. petals thicken.,BP108\solution.txt,BP108\1280.png,BP108\1281.png,BP108\1282.png,BP108\1283.png,BP108\1284.png,BP108\1285.png,BP108\1286.png,BP108\1287.png,BP108\1288.png,BP108\1289.png,BP108\1290.png,BP108\1291.png
BP109,Circle on the right of the box vs. circle on the left of the box.,BP109\solution.txt,BP109\1292.png,BP109\1293.png,BP109\1294.png,BP109\1295.png,BP109\1296.png,BP109\1297.png,BP109\1298.png,BP109\1299.png,BP109\1300.png,BP109\1301.png,BP109\1302.png,BP109\1303.png
BP110,Four out of five objects are circles vs. never four out of five objects are circles.,BP110\solution.txt,BP110\1304.png,BP110\1305.png,BP110\1306.png,BP110\1307.png,BP110\1308.png,BP110\1309.png,BP110\1310.png,BP110\1311.png,BP110\1312.png,BP110\1313.png,BP110\1314.png,BP110\1315.png
BP111,Middle shape is a triangle vs. middle shape is not a triangle.,BP111\solution.txt,BP111\1316.png,BP111\1317.png,BP111\1318.png,BP111\1319.png,BP111\1320.png,BP111\1321.png,BP111\1322.png,BP111\1323.png,BP111\1324.png,BP111\1325.png,BP111\1326.png,BP111\1327.png
BP112,X-coordinates of dots are equidistant vs. y-coordinates of dots are equidistant.,BP112\solution.txt,BP112\1328.png,BP112\1329.png,BP112\1330.png,BP112\1331.png,BP112\1332.png,BP112\1333.png,BP112\1334.png,BP112\1335.png,BP112\1336.png,BP112\1337.png,BP112\1338.png,BP112\1339.png
BP113,T-like junction vs. y-like junction.,BP113\solution.txt,BP113\1340.png,BP113\1341.png,BP113\1342.png,BP113\1343.png,BP113\1344.png,BP113\1345.png,BP113\1346.png,BP113\1347.png,BP113\1348.png,BP113\1349.png,BP113\1350.png,BP113\1351.png
BP114,Four X-like points vs. two X-like points.,BP114\solution.txt,BP114\1352.png,BP114\1353.png,BP114\1354.png,BP114\1355.png,BP114\1356.png,BP114\1357.png,BP114\1358.png,BP114\1359.png,BP114\1360.png,BP114\1361.png,BP114\1362.png,BP114\1363.png
BP115,Innermost shape is reachable from the outermost one vs. innermost shape is unreachable from the outermost one.,BP115\solution.txt,BP115\1364.png,BP115\1365.png,BP115\1366.png,BP115\1367.png,BP115\1368.png,BP115\1369.png,BP115\1370.png,BP115\1371.png,BP115\1372.png,BP115\1373.png,BP115\1374.png,BP115\1375.png
BP116,Polygon stands on side vs. polygon stands on vertex.,BP116\solution.txt,BP116\1376.png,BP116\1377.png,BP116\1378.png,BP116\1379.png,BP116\1380.png,BP116\1381.png,BP116\1382.png,BP116\1383.png,BP116\1384.png,BP116\1385.png,BP116\1386.png,BP116\1387.png
BP117,Triangle points to center of circle vs. triangle does not point to center of circle.,BP117\solution.txt,BP117\1388.png,BP117\1389.png,BP117\1390.png,BP117\1391.png,BP117\1392.png,BP117\1393.png,BP117\1394.png,BP117\1395.png,BP117\1396.png,BP117\1397.png,BP117\1398.png,BP117\1399.png
BP118,No cycle vs. a cycle exists.,BP118\solution.txt,BP118\1400.png,BP118\1401.png,BP118\1402.png,BP118\1403.png,BP118\1404.png,BP118\1405.png,BP118\1406.png,BP118\1407.png,BP118\1408.png,BP118\1409.png,BP118\1410.png,BP118\1411.png
BP119,A small correction will result in a single circle vs. no small correction will result in a single circle.,BP119\solution.txt,BP119\1412.png,BP119\1413.png,BP119\1414.png,BP119\1415.png,BP119\1416.png,BP119\1417.png,BP119\1418.png,BP119\1419.png,BP119\1420.png,BP119\1421.png,BP119\1422.png,BP119\1423.png
BP120,All turns are in one direction and rectangular loop exists vs. turns in different directions and no rectangular loop exists.,BP120\solution.txt,BP120\1424.png,BP120\1425.png,BP120\1426.png,BP120\1427.png,BP120\1428.png,BP120\1429.png,BP120\1430.png,BP120\1431.png,BP120\1432.png,BP120\1433.png,BP120\1434.png,BP120\1435.png
BP121,"Objects below match their ""symbols"" above, according to one ""code"" versus objects below match their ""symbols"" above, according to another ""code.""",BP121\solution.txt,BP121\1436.png,BP121\1437.png,BP121\1438.png,BP121\1439.png,BP121\1440.png,BP121\1441.png,BP121\1442.png,BP121\1443.png,BP121\1444.png,BP121\1445.png,BP121\1446.png,BP121\1447.png
BP122,Line divides interior into two regions vs. not so.,BP122\solution.txt,BP122\1448.png,BP122\1449.png,BP122\1450.png,BP122\1451.png,BP122\1452.png,BP122\1453.png,BP122\1454.png,BP122\1455.png,BP122\1456.png,BP122\1457.png,BP122\1458.png,BP122\1459.png
BP123,Similar shapes vs. dissimilar shapes.,BP123\solution.txt,BP123\1460.png,BP123\1461.png,BP123\1462.png,BP123\1463.png,BP123\1464.png,BP123\1465.png,BP123\1466.png,BP123\1467.png,BP123\1468.png,BP123\1469.png,BP123\1470.png,BP123\1471.png
BP124,Similar textures vs. dissimilar textures.,BP124\solution.txt,BP124\1472.png,BP124\1473.png,BP124\1474.png,BP124\1475.png,BP124\1476.png,BP124\1477.png,BP124\1478.png,BP124\1479.png,BP124\1480.png,BP124\1481.png,BP124\1482.png,BP124\1483.png
BP125,One protrusion and one indentation of the same shape vs. not so.,BP125\solution.txt,BP125\1484.png,BP125\1485.png,BP125\1486.png,BP125\1487.png,BP125\1488.png,BP125\1489.png,BP125\1490.png,BP125\1491.png,BP125\1492.png,BP125\1493.png,BP125\1494.png,BP125\1495.png
BP126,One large and one small object vs. not so.,BP126\solution.txt,BP126\1496.png,BP126\1497.png,BP126\1498.png,BP126\1499.png,BP126\1500.png,BP126\1501.png,BP126\1502.png,BP126\1503.png,BP126\1504.png,BP126\1505.png,BP126\1506.png,BP126\1507.png
BP127,Exactly one circle vs. not exactly one circle.,BP127\solution.txt,BP127\1508.png,BP127\1509.png,BP127\1510.png,BP127\1511.png,BP127\1512.png,BP127\1513.png,BP127\1514.png,BP127\1515.png,BP127\1516.png,BP127\1517.png,BP127\1518.png,BP127\1519.png
BP128,Same objects inside and outside the large shape vs. not same objects inside and outside the large shape.,BP128\solution.txt,BP128\1520.png,BP128\1521.png,BP128\1522.png,BP128\1523.png,BP128\1524.png,BP128\1525.png,BP128\1526.png,BP128\1527.png,BP128\1528.png,BP128\1529.png,BP128\1530.png,BP128\1531.png
BP129,Indentation on protrusion vs. indentation on indentation.,BP129\solution.txt,BP129\1532.png,BP129\1533.png,BP129\1534.png,BP129\1535.png,BP129\1536.png,BP129\1537.png,BP129\1538.png,BP129\1539.png,BP129\1540.png,BP129\1541.png,BP129\1542.png,BP129\1543.png
BP130,Closed region is made of curves if flaws are ignored vs. closed region is a polygon if flaws are ignored.,BP130\solution.txt,BP130\1544.png,BP130\1545.png,BP130\1546.png,BP130\1547.png,BP130\1548.png,BP130\1549.png,BP130\1550.png,BP130\1551.png,BP130\1552.png,BP130\1553.png,BP130\1554.png,BP130\1555.png
BP131,Dots are vertices of a parallelogram vs. dots are not vertices of a parallelogram.,BP131\solution.txt,BP131\1556.png,BP131\1557.png,BP131\1558.png,BP131\1559.png,BP131\1560.png,BP131\1561.png,BP131\1562.png,BP131\1563.png,BP131\1564.png,BP131\1565.png,BP131\1566.png,BP131\1567.png
BP132,Dots are vertices of a triangle standing on a side vs. dots are vertices of a triangle standing on a vertex.,BP132\solution.txt,BP132\1568.png,BP132\1569.png,BP132\1570.png,BP132\1571.png,BP132\1572.png,BP132\1573.png,BP132\1574.png,BP132\1575.png,BP132\1576.png,BP132\1577.png,BP132\1578.png,BP132\1579.png
BP133,Dots collinear with center of circle vs. dots not collinear with center of circle.,BP133\solution.txt,BP133\1580.png,BP133\1581.png,BP133\1582.png,BP133\1583.png,BP133\1584.png,BP133\1585.png,BP133\1586.png,BP133\1587.png,BP133\1588.png,BP133\1589.png,BP133\1590.png,BP133\1591.png
BP134,Circle centers are collinear vs. circle centers are not collinear.,BP134\solution.txt,BP134\1592.png,BP134\1593.png,BP134\1594.png,BP134\1595.png,BP134\1596.png,BP134\1597.png,BP134\1598.png,BP134\1599.png,BP134\1600.png,BP134\1601.png,BP134\1602.png,BP134\1603.png
BP135,Circles on same side of curve vs. circles on different sides of curves.,BP135\solution.txt,BP135\1604.png,BP135\1605.png,BP135\1606.png,BP135\1607.png,BP135\1608.png,BP135\1609.png,BP135\1610.png,BP135\1611.png,BP135\1612.png,BP135\1613.png,BP135\1614.png,BP135\1615.png
BP136,Concave shape vs. convex shape.,BP136\solution.txt,BP136\1616.png,BP136\1617.png,BP136\1618.png,BP136\1619.png,BP136\1620.png,BP136\1621.png,BP136\1622.png,BP136\1623.png,BP136\1624.png,BP136\1625.png,BP136\1626.png,BP136\1627.png
BP137,Dots equal in number to the sides of the closed region vs. dots unequal in number to the sides of the closed region.,BP137\solution.txt,BP137\1.png,BP137\1628.png,BP137\1630.png,BP137\1631.png,BP137\1632.png,BP137\1633.png,BP137\1634.png,BP137\1635.png,BP137\1636.png,BP137\1637.png,BP137\1638.png,BP137\1639.png
BP138,No dot well within the convex hull vs. at least one dot well within the convex hull.,BP138\solution.txt,BP138\1640.png,BP138\1641.png,BP138\1642.png,BP138\1643.png,BP138\1644.png,BP138\1645.png,BP138\1646.png,BP138\1647.png,BP138\1648.png,BP138\1649.png,BP138\1650.png,BP138\1651.png
BP139,Similar components that change regularly vs. not so.,BP139\solution.txt,BP139\1652.png,BP139\1653.png,BP139\1654.png,BP139\1655.png,BP139\1656.png,BP139\1657.png,BP139\1658.png,BP139\1659.png,BP139\1660.png,BP139\1661.png,BP139\1662.png,BP139\1663.png
BP140,One large shape and two smaller identical ones vs. not so.,BP140\solution.txt,BP140\1664.png,BP140\1665.png,BP140\1666.png,BP140\1667.png,BP140\1668.png,BP140\1669.png,BP140\1670.png,BP140\1671.png,BP140\1672.png,BP140\1673.png,BP140\1674.png,BP140\1675.png
BP141,Two clusters of three and two objects each vs. one cluster of three objects and two different objects.,BP141\solution.txt,BP141\1676.png,BP141\1677.png,BP141\1678.png,BP141\1679.png,BP141\1680.png,BP141\1681.png,BP141\1682.png,BP141\1683.png,BP141\1684.png,BP141\1685.png,BP141\1686.png,BP141\1687.png
BP142,Two clusters of three and two that are adjacent vs. two clusters of three and two that are not adjacent.,BP142\solution.txt,BP142\1688.png,BP142\1689.png,BP142\1690.png,BP142\1691.png,BP142\1692.png,BP142\1693.png,BP142\1694.png,BP142\1695.png,BP142\1696.png,BP142\1697.png,BP142\1698.png,BP142\1699.png
BP143,Two clusters of three and two vs. two clusters of four and one.,BP143\solution.txt,BP143\1700.png,BP143\1701.png,BP143\1702.png,BP143\1703.png,BP143\1704.png,BP143\1705.png,BP143\1706.png,BP143\1707.png,BP143\1708.png,BP143\1709.png,BP143\1710.png,BP143\1711.png
BP144,Two clusters of three and two: different features (including clustering) yield different 3-2 splits vs. two clusters of three and two: different features yield the same 3-2 split.,BP144\solution.txt,BP144\1712.png,BP144\1713.png,BP144\1714.png,BP144\1715.png,BP144\1716.png,BP144\1717.png,BP144\1718.png,BP144\1719.png,BP144\1720.png,BP144\1721.png,BP144\1722.png,BP144\1723.png
BP145,Different ways of grouping yield same 4-1 split vs. different ways of grouping yield different 4-1 splits.,BP145\solution.txt,BP145\1724.png,BP145\1725.png,BP145\1726.png,BP145\1727.png,BP145\1728.png,BP145\1729.png,BP145\1730.png,BP145\1731.png,BP145\1732.png,BP145\1733.png,BP145\1734.png,BP145\1735.png
BP146,A shape contains a square if and only if it is a circle vs. a shape contains a square if and only if it is a triangle.,BP146\solution.txt,BP146\1736.png,BP146\1737.png,BP146\1738.png,BP146\1739.png,BP146\1740.png,BP146\1741.png,BP146\1742.png,BP146\1743.png,BP146\1744.png,BP146\1745.png,BP146\1746.png,BP146\1747.png
BP147,"Three collinear and two others, the two are vertical vs. the two are horizontal.",BP147\solution.txt,BP147\1748.png,BP147\1749.png,BP147\1750.png,BP147\1751.png,BP147\1752.png,BP147\1753.png,BP147\1754.png,BP147\1755.png,BP147\1756.png,BP147\1757.png,BP147\1758.png,BP147\1759.png
BP148,A little less than a regular shape vs. a little more than a regular shape.,BP148\solution.txt,BP148\1760.png,BP148\1761.png,BP148\1762.png,BP148\1763.png,BP148\1764.png,BP148\1765.png,BP148\1766.png,BP148\1767.png,BP148\1768.png,BP148\1769.png,BP148\1770.png,BP148\1771.png
BP149,Lone square vs. lone circle.,BP149\solution.txt,BP149\1772.png,BP149\1773.png,BP149\1774.png,BP149\1775.png,BP149\1776.png,BP149\1777.png,BP149\1778.png,BP149\1779.png,BP149\1780.png,BP149\1781.png,BP149\1782.png,BP149\1783.png
BP150,Odd number of squares vs. even number of squares.,BP150\solution.txt,BP150\1784.png,BP150\1785.png,BP150\1786.png,BP150\1787.png,BP150\1788.png,BP150\1789.png,BP150\1790.png,BP150\1791.png,BP150\1792.png,BP150\1793.png,BP150\1794.png,BP150\1795.png
BP151,"If the circle closest to the cross is removed, the rest form an equilateral triangle vs. not so.",BP151\solution.txt,BP151\1796.png,BP151\1797.png,BP151\1798.png,BP151\1799.png,BP151\1800.png,BP151\1801.png,BP151\1802.png,BP151\1803.png,BP151\1804.png,BP151\1805.png,BP151\1806.png,BP151\1807.png
BP152,No axis of symmetry vs. vertical axis of symmetry.,BP152\solution.txt,BP152\1808.png,BP152\1809.png,BP152\1810.png,BP152\1811.png,BP152\1812.png,BP152\1813.png,BP152\1814.png,BP152\1815.png,BP152\1816.png,BP152\1817.png,BP152\1818.png,BP152\1819.png
BP153,Predominance of curves and hook-like endings vs. predominance of straight lines and staple-like endings.,BP153\solution.txt,BP153\1820.png,BP153\1821.png,BP153\1822.png,BP153\1823.png,BP153\1824.png,BP153\1825.png,BP153\1826.png,BP153\1827.png,BP153\1828.png,BP153\1829.png,BP153\1830.png,BP153\1831.png
BP154,Wedged endings vs. rounded endings.,BP154\solution.txt,BP154\1832.png,BP154\1833.png,BP154\1834.png,BP154\1835.png,BP154\1836.png,BP154\1837.png,BP154\1838.png,BP154\1839.png,BP154\1840.png,BP154\1841.png,BP154\1842.png,BP154\1843.png
BP155,Curves are longer than straight lines vs. curves are shorter than straight lines.,BP155\solution.txt,BP155\1844.png,BP155\1845.png,BP155\1846.png,BP155\1847.png,BP155\1848.png,BP155\1849.png,BP155\1850.png,BP155\1851.png,BP155\1852.png,BP155\1853.png,BP155\1854.png,BP155\1855.png
BP156,Three spatially separated clusters vs. two spatially separated clusters.,BP156\solution.txt,BP156\1856.png,BP156\1857.png,BP156\1858.png,BP156\1859.png,BP156\1860.png,BP156\1861.png,BP156\1862.png,BP156\1863.png,BP156\1864.png,BP156\1865.png,BP156\1866.png,BP156\1867.png
BP157,White background vs. black background.,BP157\solution.txt,BP157\1868.png,BP157\1869.png,BP157\1870.png,BP157\1871.png,BP157\1872.png,BP157\1873.png,BP157\1874.png,BP157\1875.png,BP157\1876.png,BP157\1877.png,BP157\1878.png,BP157\1879.png
BP158,Some slope vs. another slope.,BP158\solution.txt,BP158\1880.png,BP158\1881.png,BP158\1882.png,BP158\1883.png,BP158\1884.png,BP158\1885.png,BP158\1886.png,BP158\1887.png,BP158\1888.png,BP158\1889.png,BP158\1890.png,BP158\1891.png
BP159,"Two clusters of 2+3, middle shape must be seen as rectangle (AND only one linelike shape) vs. two clusters of 2+3, middle shape must be seen as piece of straight line (AND more than one linelike shape).",BP159\solution.txt,BP159\1892.png,BP159\1893.png,BP159\1894.png,BP159\1895.png,BP159\1896.png,BP159\1897.png,BP159\1898.png,BP159\1899.png,BP159\1900.png,BP159\1901.png,BP159\1902.png,BP159\1903.png
BP160,Quadrilateral that is nearly a triangle vs. typical quadrilateral.,BP160\solution.txt,BP160\1904.png,BP160\1905.png,BP160\1906.png,BP160\1907.png,BP160\1908.png,BP160\1909.png,BP160\1910.png,BP160\1911.png,BP160\1912.png,BP160\1913.png,BP160\1914.png,BP160\1915.png
BP161,Midpoints are collinear vs. midpoints are not collinear.,BP161\solution.txt,BP161\1916.png,BP161\1917.png,BP161\1918.png,BP161\1919.png,BP161\1920.png,BP161\1921.png,BP161\1922.png,BP161\1923.png,BP161\1924.png,BP161\1925.png,BP161\1926.png,BP161\1927.png
BP162,"Every other side, if extended, passes through one point vs. not so.",BP162\solution.txt,BP162\1928.png,BP162\1929.png,BP162\1930.png,BP162\1931.png,BP162\1932.png,BP162\1933.png,BP162\1934.png,BP162\1935.png,BP162\1936.png,BP162\1937.png,BP162\1938.png,BP162\1939.png
BP163,Line connecting small shapes does not intersect large one vs. line connecting small shapes intersects large one.,BP163\solution.txt,BP163\1940.png,BP163\1941.png,BP163\1942.png,BP163\1943.png,BP163\1944.png,BP163\1945.png,BP163\1946.png,BP163\1947.png,BP163\1948.png,BP163\1949.png,BP163\1950.png,BP163\1951.png
BP164,Number of objects is one less than sides of each object vs. number of objects is one more than sides of each object.,BP164\solution.txt,BP164\1952.png,BP164\1953.png,BP164\1954.png,BP164\1955.png,BP164\1956.png,BP164\1957.png,BP164\1958.png,BP164\1959.png,BP164\1960.png,BP164\1961.png,BP164\1962.png,BP164\1963.png
BP165,Line perpendicular to one side of the object vs. line parallel to one side of the object.,BP165\solution.txt,BP165\1964.png,BP165\1965.png,BP165\1966.png,BP165\1967.png,BP165\1968.png,BP165\1969.png,BP165\1970.png,BP165\1971.png,BP165\1972.png,BP165\1973.png,BP165\1974.png,BP165\1975.png
BP166,Two clusters vs. three clusters.,BP166\solution.txt,BP166\1976.png,BP166\1977.png,BP166\1978.png,BP166\1979.png,BP166\1980.png,BP166\1981.png,BP166\1982.png,BP166\1983.png,BP166\1984.png,BP166\1985.png,BP166\1986.png,BP166\1987.png
BP167,Every cluster has two clusters of dots vs. every cluster has three clusters of dots.,BP167\solution.txt,BP167\1988.png,BP167\1989.png,BP167\1990.png,BP167\1991.png,BP167\1992.png,BP167\1993.png,BP167\1994.png,BP167\1995.png,BP167\1996.png,BP167\1997.png,BP167\1998.png,BP167\1999.png
BP168,"Bulky interior, if closed vs. narrow interior, if closed.",BP168\solution.txt,BP168\2000.png,BP168\2001.png,BP168\2002.png,BP168\2003.png,BP168\2004.png,BP168\2005.png,BP168\2006.png,BP168\2007.png,BP168\2008.png,BP168\2009.png,BP168\2010.png,BP168\2011.png
BP169,Two clusters of different numbers of elements vs. two clusters of equal number of elements.,BP169\solution.txt,BP169\2012.png,BP169\2013.png,BP169\2014.png,BP169\2015.png,BP169\2016.png,BP169\2017.png,BP169\2018.png,BP169\2019.png,BP169\2020.png,BP169\2021.png,BP169\2022.png,BP169\2023.png
BP170,Pi-like shape vs. x-like shape.,BP170\solution.txt,BP170\2024.png,BP170\2025.png,BP170\2026.png,BP170\2027.png,BP170\2028.png,BP170\2029.png,BP170\2030.png,BP170\2031.png,BP170\2032.png,BP170\2033.png,BP170\2034.png,BP170\2035.png
BP171,Angle bisectors meet at the incenter vs. perpendicular bisectors meet at the orthocenter.,BP171\solution.txt,BP171\2036.png,BP171\2037.png,BP171\2038.png,BP171\2039.png,BP171\2040.png,BP171\2041.png,BP171\2042.png,BP171\2043.png,BP171\2044.png,BP171\2045.png,BP171\2046.png,BP171\2047.png
BP172,Rotationally symmetric vs. not.,BP172\solution.txt,BP172\2048.png,BP172\2049.png,BP172\2050.png,BP172\2051.png,BP172\2052.png,BP172\2053.png,BP172\2054.png,BP172\2055.png,BP172\2056.png,BP172\2057.png,BP172\2058.png,BP172\2059.png
BP173,Small variance of slopes vs. large variance of slopes.,BP173\solution.txt,BP173\2060.png,BP173\2061.png,BP173\2062.png,BP173\2063.png,BP173\2064.png,BP173\2065.png,BP173\2066.png,BP173\2067.png,BP173\2068.png,BP173\2069.png,BP173\2070.png,BP173\2071.png
BP174,Convex central interior vs. concave central interior.,BP174\solution.txt,BP174\2072.png,BP174\2073.png,BP174\2074.png,BP174\2075.png,BP174\2076.png,BP174\2077.png,BP174\2078.png,BP174\2079.png,BP174\2080.png,BP174\2081.png,BP174\2082.png,BP174\2083.png
BP175,Small object can glide in the bay vs. small object cannot glide in the bay.,BP175\solution.txt,BP175\2084.png,BP175\2085.png,BP175\2086.png,BP175\2087.png,BP175\2088.png,BP175\2089.png,BP175\2090.png,BP175\2091.png,BP175\2092.png,BP175\2093.png,BP175\2094.png,BP175\2095.png
BP176,Line that connects dots avoiding obstacles is short vs. line that connects dots avoiding obstacles is long.,BP176\solution.txt,BP176\2096.png,BP176\2097.png,BP176\2098.png,BP176\2099.png,BP176\2100.png,BP176\2101.png,BP176\2102.png,BP176\2103.png,BP176\2104.png,BP176\2105.png,BP176\2106.png,BP176\2107.png
BP177,All interiors are convex vs. at least one concave interior.,BP177\solution.txt,BP177\2108.png,BP177\2109.png,BP177\2110.png,BP177\2111.png,BP177\2112.png,BP177\2113.png,BP177\2114.png,BP177\2115.png,BP177\2116.png,BP177\2117.png,BP177\2118.png,BP177\2119.png
BP178,Center of circle in triangle perpendicular to the other two vs. not so.,BP178\solution.txt,BP178\2120.png,BP178\2121.png,BP178\2122.png,BP178\2123.png,BP178\2124.png,BP178\2125.png,BP178\2126.png,BP178\2127.png,BP178\2128.png,BP178\2129.png,BP178\2130.png,BP178\2131.png
BP179,Object thinner at top vs. object thicker at top.,BP179\solution.txt,BP179\2132.png,BP179\2133.png,BP179\2134.png,BP179\2135.png,BP179\2136.png,BP179\2137.png,BP179\2138.png,BP179\2139.png,BP179\2140.png,BP179\2141.png,BP179\2142.png,BP179\2143.png
BP180,Black region narrows at the boundary of black/white vs. black region widens at the boundary of black/white.,BP180\solution.txt,BP180\2144.png,BP180\2145.png,BP180\2146.png,BP180\2147.png,BP180\2148.png,BP180\2149.png,BP180\2150.png,BP180\2151.png,BP180\2152.png,BP180\2153.png,BP180\2154.png,BP180\2155.png
BP181,One concavity vs. two concavities.,BP181\solution.txt,BP181\2156.png,BP181\2157.png,BP181\2158.png,BP181\2159.png,BP181\2160.png,BP181\2161.png,BP181\2162.png,BP181\2163.png,BP181\2164.png,BP181\2165.png,BP181\2166.png,BP181\2167.png
BP182,Concave if proximal border points are connected vs. convex if proximal border points are connected.,BP182\solution.txt,BP182\2168.png,BP182\2169.png,BP182\2170.png,BP182\2171.png,BP182\2172.png,BP182\2173.png,BP182\2174.png,BP182\2175.png,BP182\2176.png,BP182\2177.png,BP182\2178.png,BP182\2179.png
BP183,Same curvature close to the middle vs. change of curvature close to the middle.,BP183\solution.txt,BP183\2180.png,BP183\2181.png,BP183\2182.png,BP183\2183.png,BP183\2184.png,BP183\2185.png,BP183\2186.png,BP183\2187.png,BP183\2188.png,BP183\2189.png,BP183\2190.png,BP183\2191.png
BP184,Curve is smooth close to the middle vs. curve zigzags close to the middle.,BP184\solution.txt,BP184\2192.png,BP184\2193.png,BP184\2194.png,BP184\2195.png,BP184\2196.png,BP184\2197.png,BP184\2198.png,BP184\2199.png,BP184\2200.png,BP184\2201.png,BP184\2202.png,BP184\2203.png
BP185,Curve with two complex parts vs. curve with three complex parts.,BP185\solution.txt,BP185\2204.png,BP185\2205.png,BP185\2206.png,BP185\2207.png,BP185\2208.png,BP185\2209.png,BP185\2210.png,BP185\2211.png,BP185\2212.png,BP185\2213.png,BP185\2214.png,BP185\2215.png
BP186,Object made of objects vs. object made of objects made of objects.,BP186\solution.txt,BP186\2216.png,BP186\2217.png,BP186\2218.png,BP186\2219.png,BP186\2220.png,BP186\2221.png,BP186\2222.png,BP186\2223.png,BP186\2224.png,BP186\2225.png,BP186\2226.png,BP186\2227.png
BP187,Sides of parts are one more than sides of whole vs. sides of parts are one less than sides of whole.,BP187\solution.txt,BP187\2228.png,BP187\2229.png,BP187\2230.png,BP187\2231.png,BP187\2232.png,BP187\2233.png,BP187\2234.png,BP187\2235.png,BP187\2236.png,BP187\2237.png,BP187\2238.png,BP187\2239.png
BP188,Shape of whole different from shape of parts vs. shape of whole same as shape of parts.,BP188\solution.txt,BP188\2240.png,BP188\2241.png,BP188\2242.png,BP188\2243.png,BP188\2244.png,BP188\2245.png,BP188\2246.png,BP188\2247.png,BP188\2248.png,BP188\2249.png,BP188\2250.png,BP188\2251.png
BP189,All clusters are made of objects of the same texture vs. not all clusters are made of objects of the same texture.,BP189\solution.txt,BP189\2252.png,BP189\2253.png,BP189\2254.png,BP189\2255.png,BP189\2256.png,BP189\2257.png,BP189\2258.png,BP189\2259.png,BP189\2260.png,BP189\2261.png,BP189\2262.png,BP189\2263.png
BP190,All connected objects have the same texture vs. some connected objects have different textures.,BP190\solution.txt,BP190\2264.png,BP190\2265.png,BP190\2266.png,BP190\2267.png,BP190\2268.png,BP190\2269.png,BP190\2270.png,BP190\2271.png,BP190\2272.png,BP190\2273.png,BP190\2274.png,BP190\2275.png
BP191,Orifice on the left vs. orifice on the right.,BP191\solution.txt,BP191\2276.png,BP191\2277.png,BP191\2278.png,BP191\2279.png,BP191\2280.png,BP191\2281.png,BP191\2282.png,BP191\2283.png,BP191\2284.png,BP191\2285.png,BP191\2286.png,BP191\2287.png
BP192,Elongated vertically vs. elongated horizontally.,BP192\solution.txt,BP192\2288.png,BP192\2289.png,BP192\2290.png,BP192\2291.png,BP192\2292.png,BP192\2293.png,BP192\2294.png,BP192\2295.png,BP192\2296.png,BP192\2297.png,BP192\2298.png,BP192\2299.png
BP193,Ghost triangle vs. Ghost rectangle.,BP193\solution.txt,BP193\2300.png,BP193\2301.png,BP193\2302.png,BP193\2303.png,BP193\2304.png,BP193\2305.png,BP193\2306.png,BP193\2307.png,BP193\2308.png,BP193\2309.png,BP193\2310.png,BP193\2311.png
BP194,Background is a parallelogram vs. background is a triangle.,BP194\solution.txt,BP194\2312.png,BP194\2313.png,BP194\2314.png,BP194\2315.png,BP194\2316.png,BP194\2317.png,BP194\2318.png,BP194\2319.png,BP194\2320.png,BP194\2321.png,BP194\2322.png,BP194\2323.png
BP195,Bottom object in front of top objects in 3-D vs. bottom object behind top objects in 3-D.,BP195\solution.txt,BP195\2324.png,BP195\2325.png,BP195\2326.png,BP195\2327.png,BP195\2328.png,BP195\2329.png,BP195\2330.png,BP195\2331.png,BP195\2332.png,BP195\2333.png,BP195\2334.png,BP195\2335.png
BP196,Light-colored texture vs. dark-colored texture.,BP196\solution.txt,BP196\2336.png,BP196\2337.png,BP196\2338.png,BP196\2339.png,BP196\2340.png,BP196\2341.png,BP196\2342.png,BP196\2343.png,BP196\2344.png,BP196\2345.png,BP196\2346.png,BP196\2347.png
BP197,Some style (font) vs. another style (font).,BP197\solution.txt,BP197\2348.png,BP197\2349.png,BP197\2350.png,BP197\2351.png,BP197\2352.png,BP197\2353.png,BP197\2354.png,BP197\2355.png,BP197\2356.png,BP197\2357.png,BP197\2358.png,BP197\2359.png
BP198,Stays in vs. escapes.,BP198\solution.txt,BP198\2360.png,BP198\2361.png,BP198\2362.png,BP198\2363.png,BP198\2364.png,BP198\2365.png,BP198\2366.png,BP198\2367.png,BP198\2368.png,BP198\2369.png,BP198\2370.png,BP198\2371.png
BP199,Stays put vs. tumbles.,BP199\solution.txt,BP199\2372.png,BP199\2373.png,BP199\2374.png,BP199\2375.png,BP199\2376.png,BP199\2377.png,BP199\2378.png,BP199\2379.png,BP199\2380.png,BP199\2381.png,BP199\2382.png,BP199\2383.png
BP200,Bongard Problem with solution based on features vs. Bongard Problem with solution based on number.,BP200\solution.txt,BP200\2384.png,BP200\2385.png,BP200\2386.png,BP200\2387.png,BP200\2388.png,BP200\2389.png,BP200\2390.png,BP200\2391.png,BP200\2392.png,BP200\2393.png,BP200\2394.png,BP200\2395.png
BP201,Two of the shapes make tiles along their border lines vs. not so.,BP201\solution.txt,BP201\2396.png,BP201\2397.png,BP201\2398.png,BP201\2399.png,BP201\2400.png,BP201\2401.png,BP201\2402.png,BP201\2403.png,BP201\2404.png,BP201\2405.png,BP201\2406.png,BP201\2407.png
BP202,Even number vs. odd number.,BP202\solution.txt,BP202\2408.png,BP202\2409.png,BP202\2410.png,BP202\2411.png,BP202\2412.png,BP202\2413.png,BP202\2414.png,BP202\2415.png,BP202\2416.png,BP202\2417.png,BP202\2419.png,
BP203,Prime number vs. composite number.,BP203\solution.txt,BP203\2421.png,BP203\2422.png,BP203\2423.png,BP203\2424.png,BP203\2425.png,BP203\2427.png,BP203\2429.png,BP203\2431.png,,,,
BP204,Five vs. four.,BP204\solution.txt,BP204\2432.png,BP204\2433.png,BP204\2434.png,BP204\2435.png,BP204\2436.png,BP204\2437.png,BP204\2438.png,BP204\2439.png,BP204\2440.png,BP204\2441.png,BP204\2442.png,BP204\2443.png
BP205,Two clusters of two elements each vs. not so.,BP205\solution.txt,BP205\2444.png,BP205\2445.png,BP205\2446.png,BP205\2447.png,BP205\2448.png,BP205\2449.png,BP205\2450.png,BP205\2451.png,BP205\2452.png,BP205\2453.png,BP205\2454.png,BP205\2455.png
BP206,Curve ends in a roughly up or down direction vs. curve ends in a roughly left or right direction.,BP206\solution.txt,BP206\2456.png,BP206\2457.png,BP206\2458.png,BP206\2459.png,BP206\2460.png,BP206\2461.png,BP206\2462.png,BP206\2463.png,BP206\2464.png,BP206\2465.png,BP206\2466.png,BP206\2467.png
BP207,Curve ends on the left part of the box vs. curve ends on the right part of the box.,BP207\solution.txt,BP207\2468.png,BP207\2469.png,BP207\2470.png,BP207\2471.png,BP207\2472.png,BP207\2473.png,BP207\2474.png,BP207\2475.png,BP207\2476.png,BP207\2477.png,BP207\2478.png,BP207\2479.png
BP208,"All curves spiral counterclockwise, starting from maximum curvature vs. all curves spiral clockwise, starting from maximum curvature.",BP208\solution.txt,BP208\2480.png,BP208\2481.png,BP208\2482.png,BP208\2483.png,BP208\2484.png,BP208\2485.png,BP208\2486.png,BP208\2487.png,BP208\2488.png,BP208\2489.png,BP208\2490.png,BP208\2491.png
BP209,No objects are centered at the center of the box vs. one object is centered at the center of the box.,BP209\solution.txt,BP209\2492.png,BP209\2493.png,BP209\2494.png,BP209\2495.png,BP209\2496.png,BP209\2497.png,BP209\2498.png,BP209\2499.png,BP209\2500.png,BP209\2501.png,BP209\2502.png,BP209\2503.png
BP210,Part of at least one object is out of box vs. all objects are within the box.,BP210\solution.txt,BP210\2504.png,BP210\2505.png,BP210\2506.png,BP210\2507.png,BP210\2508.png,BP210\2509.png,BP210\2511.png,BP210\2512.png,BP210\2513.png,BP210\2514.png,BP210\2515.png,
BP211,More black than white vs. more white than black.,BP211\solution.txt,BP211\7986.png,BP211\8051.png,BP211\8052.png,BP211\8053.png,BP211\8054.png,BP211\8055.png,BP211\2516.png,BP211\2517.png,BP211\2518.png,BP211\2519.png,BP211\2520.png,BP211\2521.png
BP212,No dot is too far apart from another dot vs. at least one dot is far apart from all other dots.,BP212\solution.txt,BP212\2528.png,BP212\2529.png,BP212\2530.png,BP212\2531.png,BP212\2532.png,BP212\2533.png,BP212\2534.png,BP212\2535.png,BP212\2536.png,BP212\2537.png,BP212\2538.png,BP212\2539.png
BP213,"The tightest-curved section, out of all sections of curve that make a complete turn (360 degrees), contains an x-crossing point vs. not so.",BP213\solution.txt,BP213\2540.png,BP213\2541.png,BP213\2542.png,BP213\2543.png,BP213\2544.png,BP213\2545.png,BP213\2546.png,BP213\2547.png,BP213\2548.png,BP213\2549.png,BP213\2550.png,BP213\2551.png
BP214,Smiley face vs. not a smiley face.,BP214\solution.txt,BP214\2552.png,BP214\2553.png,BP214\2554.png,BP214\2555.png,BP214\2556.png,BP214\2557.png,BP214\2558.png,BP214\2559.png,BP214\2560.png,BP214\2562.png,BP214\2563.png,
BP215,Mouth concave upwards vs. Mouth convex upwards.,BP215\solution.txt,BP215\2564.png,BP215\2565.png,BP215\2566.png,BP215\2567.png,BP215\2568.png,BP215\2569.png,BP215\2570.png,BP215\2571.png,BP215\2572.png,BP215\2573.png,BP215\2574.png,BP215\2575.png
BP216,Ink tip (non-homogeneous line) vs. Marker tip (homogeneous line).,BP216\solution.txt,BP216\2576.png,BP216\2577.png,BP216\2578.png,BP216\2579.png,BP216\2580.png,BP216\2581.png,BP216\2582.png,BP216\2583.png,BP216\2584.png,BP216\2585.png,BP216\2586.png,BP216\2587.png
BP217,Totally black lines vs. lines with white specks.,BP217\solution.txt,BP217\2588.png,BP217\2589.png,BP217\2590.png,BP217\2591.png,BP217\2592.png,BP217\2593.png,BP217\2594.png,BP217\2595.png,BP217\2596.png,BP217\2597.png,BP217\2598.png,BP217\2599.png
BP218,Something is missing vs. an extra copy of something is added.,BP218\solution.txt,BP218\2600.png,BP218\2601.png,BP218\2602.png,BP218\2603.png,BP218\2604.png,BP218\2605.png,BP218\2606.png,BP218\2607.png,BP218\2608.png,BP218\2609.png,BP218\2610.png,BP218\2611.png
BP219,Parallel curves vs. non-parallel curves.,BP219\solution.txt,BP219\2612.png,BP219\2613.png,BP219\2614.png,BP219\2615.png,BP219\2616.png,BP219\2617.png,BP219\2618.png,BP219\2619.png,BP219\2620.png,BP219\2621.png,BP219\2622.png,BP219\2623.png
BP220,One cluster vs. two clusters.,BP220\solution.txt,BP220\2624.png,BP220\2625.png,BP220\2626.png,BP220\2627.png,BP220\2628.png,BP220\2629.png,BP220\2630.png,BP220\2631.png,BP220\2632.png,BP220\2633.png,BP220\2634.png,BP220\2635.png
BP221,No small square at the end of any curve vs. curve ends at a small square.,BP221\solution.txt,BP221\2636.png,BP221\2637.png,BP221\2638.png,BP221\2639.png,BP221\2640.png,BP221\2641.png,BP221\2642.png,BP221\2643.png,BP221\2644.png,BP221\2645.png,BP221\2646.png,BP221\2647.png
BP222,Border of black rectangle is incomplete vs. border of black rectangle is complete.,BP222\solution.txt,BP222\2410.png,BP222\2648.png,BP222\2649.png,BP222\2650.png,BP222\2651.png,BP222\2653.png,BP222\2654.png,BP222\2655.png,BP222\2656.png,BP222\2657.png,BP222\2658.png,BP222\2659.png
BP223,Large black region if completed is a circle vs. large black region if completed is an ellipse.,BP223\solution.txt,BP223\2660.png,BP223\2661.png,BP223\2662.png,BP223\2663.png,BP223\2664.png,BP223\2665.png,BP223\2666.png,BP223\2667.png,BP223\2668.png,BP223\2669.png,BP223\2670.png,BP223\2671.png
BP224,Diametrically opposite objects affect similarly the large black circular region vs. not so.,BP224\solution.txt,BP224\2672.png,BP224\2673.png,BP224\2674.png,BP224\2675.png,BP224\2676.png,BP224\2677.png,BP224\2678.png,BP224\2679.png,BP224\2680.png,BP224\2681.png,BP224\2682.png,BP224\2683.png
BP225,Low contrast (no fully black region) vs. high contrast (at least one fully black region).,BP225\solution.txt,BP225\2684.png,BP225\2685.png,BP225\2686.png,BP225\2687.png,BP225\2688.png,BP225\2689.png,BP225\2690.png,BP225\2691.png,BP225\2692.png,BP225\2693.png,BP225\2694.png,BP225\2695.png
BP226,What comes out of black circle has a clockwise direction vs. not so.,BP226\solution.txt,BP226\2696.png,BP226\2697.png,BP226\2698.png,BP226\2699.png,BP226\2700.png,BP226\2701.png,BP226\2702.png,BP226\2703.png,BP226\2704.png,BP226\2705.png,BP226\2706.png,BP226\2707.png
BP227,Dots touch each other if and only if no large region touches the edges of the box vs. dots dont touch each other if and only if no large region touches the edges of the box.,BP227\solution.txt,BP227\2708.png,BP227\2709.png,BP227\2710.png,BP227\2711.png,BP227\2712.png,BP227\2713.png,BP227\2714.png,BP227\2715.png,BP227\2716.png,BP227\2717.png,BP227\2718.png,BP227\2719.png
BP228,"After rotating so that the longest line is horizontal, there is a left arm raised and a weight down vs. after rotating so that the longest line is horizontal, there is a left arm down and a weight raised.",BP228\solution.txt,BP228\2720.png,BP228\2721.png,BP228\2722.png,BP228\2723.png,BP228\2724.png,BP228\2725.png,BP228\2726.png,BP228\2727.png,BP228\2728.png,BP228\2729.png,BP228\2730.png,BP228\2731.png
BP229,"When the objects are rotated and their dots are overlapped and eliminated, they form three-square-tall structures with columns of the same color vs. not so.",BP229\solution.txt,BP229\2732.png,BP229\2733.png,BP229\2734.png,BP229\2735.png,BP229\2736.png,BP229\2737.png,BP229\2738.png,BP229\2739.png,BP229\2740.png,BP229\2741.png,BP229\2742.png,BP229\2743.png
BP230,"The sum of vertices, line ends, and dots is 7 vs. not so.",BP230\solution.txt,BP230\2744.png,BP230\2745.png,BP230\2746.png,BP230\2747.png,BP230\2748.png,BP230\2749.png,BP230\2750.png,BP230\2751.png,BP230\2752.png,BP230\2753.png,BP230\2754.png,BP230\2755.png
BP231,Five concavities vs. not five concavities.,BP231\solution.txt,BP231\2756.png,BP231\2757.png,BP231\2758.png,BP231\2759.png,BP231\2760.png,BP231\2761.png,BP231\2762.png,BP231\2763.png,BP231\2764.png,BP231\2765.png,BP231\2766.png,BP231\2767.png
BP232,Box divided into six areas vs. box divided into four areas.,BP232\solution.txt,BP232\2768.png,BP232\2769.png,BP232\2770.png,BP232\2771.png,BP232\2772.png,BP232\2773.png,BP232\2774.png,BP232\2775.png,BP232\2776.png,BP232\2777.png,BP232\2778.png,BP232\2779.png
BP233,Lines plus triangles equal stars vs. lines minus triangles equal stars.,BP233\solution.txt,BP233\2780.png,BP233\2781.png,BP233\2782.png,BP233\2783.png,BP233\2784.png,BP233\2785.png,BP233\2786.png,BP233\2787.png,BP233\2788.png,BP233\2789.png,BP233\2790.png,BP233\2791.png
BP234,Circle falls by gravity on the right of all other objects if let loose vs. circle falls by gravity on the left of all other objects if let loose.,BP234\solution.txt,BP234\2792.png,BP234\2793.png,BP234\2794.png,BP234\2795.png,BP234\2796.png,BP234\2797.png,BP234\2798.png,BP234\2799.png,BP234\2800.png,BP234\2801.png,BP234\2802.png,BP234\2803.png
BP235,"The rope, if extended, reaches the other ball vs. the rope, if extended, does not reach the other ball.",BP235\solution.txt,BP235\2804.png,BP235\2805.png,BP235\2806.png,BP235\2807.png,BP235\2808.png,BP235\2809.png,BP235\2810.png,BP235\2811.png,BP235\2812.png,BP235\2813.png,BP235\2814.png,BP235\2815.png
BP236,Texture with stripy squiggle vs. texture with blotchy squiggle.,BP236\solution.txt,BP236\2816.png,BP236\2817.png,BP236\2818.png,BP236\2819.png,BP236\2820.png,BP236\2821.png,BP236\2822.png,BP236\2823.png,BP236\2824.png,BP236\2825.png,BP236\2826.png,BP236\2827.png
BP237,Upper central line APPEARS shorter than lower central line vs. upper central line APPEARS longer than lower central line.,BP237\solution.txt,BP237\2828.png,BP237\2829.png,BP237\2830.png,BP237\2831.png,BP237\2832.png,BP237\2833.png,BP237\2834.png,BP237\2835.png,BP237\2836.png,BP237\2837.png,BP237\2838.png,BP237\2839.png
BP238,C-like curves point to the same direction vs. c-like curves point to opposite directions.,BP238\solution.txt,BP238\2840.png,BP238\2841.png,BP238\2842.png,BP238\2843.png,BP238\2844.png,BP238\2845.png,BP238\2846.png,BP238\2847.png,BP238\2848.png,BP238\2849.png,BP238\2850.png,BP238\2851.png
BP239,Straight line parallel to line joining the ends of curve AND sliding the straight line suitably can make a closed area vs. straight line perpendicular to line joining the ends of curve.,BP239\solution.txt,BP239\2852.png,BP239\2853.png,BP239\2854.png,BP239\2855.png,BP239\2856.png,BP239\2857.png,BP239\2858.png,BP239\2859.png,BP239\2860.png,BP239\2861.png,BP239\2862.png,BP239\2863.png
BP240,Straight line joining the curve ends does not cut the curve vs. straight line joining the curve ends intersects the curve.,BP240\solution.txt,BP240\2864.png,BP240\2865.png,BP240\2866.png,BP240\2867.png,BP240\2868.png,BP240\2869.png,BP240\2870.png,BP240\2871.png,BP240\2872.png,BP240\2873.png,BP240\2874.png,BP240\2875.png
BP241,Circumference shorter than length of everything else vs. circumference longer than length of everything else.,BP241\solution.txt,BP241\2876.png,BP241\2877.png,BP241\2878.png,BP241\2879.png,BP241\2880.png,BP241\2881.png,BP241\2882.png,BP241\2883.png,BP241\2884.png,BP241\2885.png,BP241\2886.png,BP241\2887.png
BP242,Convex hull is a square vs. convex hull is not a square.,BP242\solution.txt,BP242\2888.png,BP242\2889.png,BP242\2890.png,BP242\2891.png,BP242\2892.png,BP242\2893.png,BP242\2894.png,BP242\2895.png,BP242\2896.png,BP242\2897.png,BP242\2898.png,BP242\2899.png
BP243,Triangle closer to box corner than any of the circles vs. not so.,BP243\solution.txt,BP243\2900.png,BP243\2901.png,BP243\2902.png,BP243\2903.png,BP243\2904.png,BP243\2905.png,BP243\2906.png,BP243\2907.png,BP243\2908.png,BP243\2909.png,BP243\2910.png,BP243\2911.png
BP244,"Scanning left-to-right, top-to-bottom, each filled box is separated from the next filled box by the same number of empty boxes vs. not so.",BP244\solution.txt,BP244\2912.png,BP244\2913.png,BP244\2914.png,BP244\2915.png,BP244\2916.png,BP244\2917.png,BP244\2918.png,BP244\2919.png,BP244\2920.png,BP244\2921.png,BP244\2922.png,BP244\2923.png
BP245,Can be completed to be made into a rectangle vs. cannot be completed to be made into a rectangle.,BP245\solution.txt,BP245\2924.png,BP245\2925.png,BP245\2926.png,BP245\2927.png,BP245\2928.png,BP245\2929.png,BP245\2930.png,BP245\2931.png,BP245\2932.png,BP245\2933.png,BP245\2934.png,BP245\2935.png
BP246,Equal numbers of straight lines and continuous curves vs. unequal numbers of straight lines and continuous curves.,BP246\solution.txt,BP246\1.png,BP246\2936.png,BP246\2937.png,BP246\2938.png,BP246\2939.png,BP246\2940.png,BP246\2942.png,BP246\2943.png,BP246\2944.png,BP246\2945.png,BP246\2946.png,BP246\2947.png
BP247,Five straight or curved lines vs. not five straight or curved lines.,BP247\solution.txt,BP247\9149.gif,BP247\9150.gif,BP247\9151.gif,BP247\9152.gif,BP247\9153.gif,BP247\9154.gif,BP247\9155.gif,BP247\9156.gif,BP247\9157.gif,BP247\9158.gif,BP247\9159.gif,BP247\9160.gif
BP248,"Dashed lines inside solid shape make an identical but slightly smaller shape, parallel to the one outside vs. not so.",BP248\solution.txt,BP248\9275.gif,BP248\9282.gif,BP248\9283.gif,BP248\9284.gif,BP248\9285.gif,BP248\9286.gif,BP248\9276.gif,BP248\9277.gif,BP248\9278.gif,BP248\9280.gif,BP248\9281.gif,BP248\9287.gif
BP249,Dashed lines form the same shape centered inside vs. not so.,BP249\solution.txt,BP249\9270.gif,BP249\9271.gif,BP249\9272.gif,BP249\9273.gif,BP249\9274.gif,BP249\9275.gif,BP249\9276.gif,BP249\9277.gif,BP249\9278.gif,BP249\9279.gif,BP249\9280.gif,BP249\9281.gif
BP250,Tetrahedron projected on the box plane vs. not so.,BP250\solution.txt,BP250\9257.gif,BP250\9258.gif,BP250\9259.gif,BP250\9260.gif,BP250\9261.gif,BP250\9262.gif,BP250\9264.gif,BP250\9265.gif,BP250\9266.gif,BP250\9267.gif,BP250\9268.gif,BP250\9269.gif
BP251,Tetrahedron projected on the box plane vs. not so.,BP251\solution.txt,BP251\9257.gif,BP251\9258.gif,BP251\9259.gif,BP251\9260.gif,BP251\9261.gif,BP251\9262.gif,BP251\9263.gif,BP251\9264.gif,BP251\9265.gif,BP251\9266.gif,BP251\9267.gif,BP251\9268.gif
BP252,Impossible solid in 3-D vs. possible solid in 3-D.,BP252\solution.txt,BP252\9245.gif,BP252\9246.gif,BP252\9247.gif,BP252\9248.gif,BP252\9249.gif,BP252\9250.gif,BP252\9251.gif,BP252\9252.gif,BP252\9253.gif,BP252\9254.gif,BP252\9255.gif,BP252\9256.gif
BP253,Prime number vs. composite number.,BP253\solution.txt,BP253\9233.gif,BP253\9234.gif,BP253\9235.gif,BP253\9236.gif,BP253\9237.gif,BP253\9238.gif,BP253\9239.gif,BP253\9240.gif,BP253\9241.gif,BP253\9242.gif,BP253\9243.gif,BP253\9244.gif
BP254,Circle and two vertices are collinear vs. no two vertices and the circle are collinear.,BP254\solution.txt,BP254\9221.gif,BP254\9222.gif,BP254\9223.gif,BP254\9224.gif,BP254\9225.gif,BP254\9226.gif,BP254\9227.gif,BP254\9228.gif,BP254\9229.gif,BP254\9230.gif,BP254\9231.gif,BP254\9232.gif
BP255,"Three pairs of parallel and non-collinear pieces of straight lines, each pair with a different slope vs. not so.",BP255\solution.txt,BP255\9209.gif,BP255\9210.gif,BP255\9211.gif,BP255\9212.gif,BP255\9213.gif,BP255\9214.gif,BP255\9215.gif,BP255\9216.gif,BP255\9217.gif,BP255\9218.gif,BP255\9219.gif,BP255\9220.gif
BP256,"Each large circle closer to a small circle than a large one, and each small circle closer to a large one than a small one vs. not so.",BP256\solution.txt,BP256\9197.gif,BP256\9198.gif,BP256\9199.gif,BP256\9200.gif,BP256\9201.gif,BP256\9202.gif,BP256\9203.gif,BP256\9204.gif,BP256\9205.gif,BP256\9206.gif,BP256\9207.gif,BP256\9208.gif
BP257,The distance from the center of the line to the bottom of the square is the same as the distance from the dot to the right edge of the square vs. not so.,BP257\solution.txt,BP257\9185.gif,BP257\9186.gif,BP257\9187.gif,BP257\9188.gif,BP257\9189.gif,BP257\9190.gif,BP257\9191.gif,BP257\9192.gif,BP257\9193.gif,BP257\9194.gif,BP257\9195.gif,BP257\9196.gif
BP258,Objects identical after mirroring horizontally vs. objects identical after mirroring vertically.,BP258\solution.txt,BP258\9173.gif,BP258\9174.gif,BP258\9175.gif,BP258\9176.gif,BP258\9177.gif,BP258\9178.gif,BP258\9179.gif,BP258\9180.gif,BP258\9181.gif,BP258\9182.gif,BP258\9183.gif,BP258\9184.gif
BP259,Two identical overlapping objects of which the top is rotated slightly clockwise vs. not so.,BP259\solution.txt,BP259\9161.gif,BP259\9162.gif,BP259\9163.gif,BP259\9164.gif,BP259\9165.gif,BP259\9166.gif,BP259\9167.gif,BP259\9168.gif,BP259\9169.gif,BP259\9170.gif,BP259\9171.gif,BP259\9172.gif
BP260,Squares are either all empty or all contain something vs. not so.,BP260\solution.txt,BP260\3104.png,BP260\3105.png,BP260\3106.png,BP260\3107.png,BP260\3108.png,BP260\3109.png,BP260\3110.png,BP260\3111.png,BP260\3112.png,BP260\3113.png,BP260\3114.png,BP260\3115.png
BP261,Straight lines that join filled and outlined circles intersect vs. straight lines that join filled and outlined circles do not intersect.,BP261\solution.txt,BP261\3116.png,BP261\3117.png,BP261\3118.png,BP261\3119.png,BP261\3120.png,BP261\3121.png,BP261\3122.png,BP261\3123.png,BP261\3124.png,BP261\3125.png,BP261\3126.png,BP261\3127.png
BP262,Exactly one point where lines bend at an angle vs. not exactly one point where lines bend at an angle.,BP262\solution.txt,BP262\3128.png,BP262\3129.png,BP262\3130.png,BP262\3131.png,BP262\3132.png,BP262\3133.png,BP262\3134.png,BP262\3135.png,BP262\3136.png,BP262\3137.png,BP262\3138.png,BP262\3139.png
BP263,At least one ending edge is straight vs. all ending edges are curved.,BP263\solution.txt,BP263\3140.png,BP263\3141.png,BP263\3142.png,BP263\3143.png,BP263\3144.png,BP263\3145.png,BP263\3146.png,BP263\3147.png,BP263\3148.png,BP263\3149.png,BP263\3150.png,BP263\3151.png
BP264,Closed area vs. no closed area.,BP264\solution.txt,BP264\3152.png,BP264\3153.png,BP264\3154.png,BP264\3155.png,BP264\3156.png,BP264\3157.png,BP264\3158.png,BP264\3159.png,BP264\3160.png,BP264\3161.png,BP264\3162.png,BP264\3163.png
BP265,Axis of symmetry vs. no axis of symmetry.,BP265\solution.txt,BP265\3164.png,BP265\3165.png,BP265\3166.png,BP265\3167.png,BP265\3168.png,BP265\3169.png,BP265\3170.png,BP265\3171.png,BP265\3172.png,BP265\3173.png,BP265\3174.png,BP265\3175.png
BP266,At least one touch or cross point vs. no touch or cross point.,BP266\solution.txt,BP266\3169.png,BP266\3170.png,BP266\3176.png,BP266\3178.png,BP266\3179.png,BP266\3180.png,BP266\3172.png,BP266\3175.png,BP266\3182.png,BP266\3183.png,BP266\3184.png,BP266\3186.png
BP267,Odd number of straight line segments vs. even number of straight line segments.,BP267\solution.txt,BP267\3164.png,BP267\3170.png,BP267\3173.png,BP267\3178.png,BP267\3190.png,BP267\3191.png,BP267\3166.png,BP267\3167.png,BP267\3169.png,BP267\3172.png,BP267\3198.png,BP267\3199.png
BP268,Convex hull elongated vertically vs. convex hull elongated horizontally.,BP268\solution.txt,BP268\3171.png,BP268\3172.png,BP268\3173.png,BP268\3200.png,BP268\3201.png,BP268\3202.png,BP268\3182.png,BP268\3183.png,BP268\3206.png,BP268\3209.png,BP268\3210.png,BP268\3211.png
BP269,Center of symmetry vs. no center of symmetry.,BP269\solution.txt,BP269\3173.png,BP269\3175.png,BP269\3190.png,BP269\3199.png,BP269\3213.png,BP269\3215.png,BP269\3164.png,BP269\3165.png,BP269\3166.png,BP269\3167.png,BP269\3171.png,BP269\3179.png
BP270,Only vertical or horizontal lines vs. neither vertical nor horizontal lines.,BP270\solution.txt,BP270\3169.png,BP270\3170.png,BP270\3172.png,BP270\3176.png,BP270\3190.png,BP270\3213.png,BP270\3175.png,BP270\3179.png,BP270\3199.png,BP270\3211.png,BP270\3230.png,BP270\3231.png
BP271,Can be hand-written without raising the pen vs. cannot be hand-written without raising the pen.,BP271\solution.txt,BP271\3167.png,BP271\3174.png,BP271\3179.png,BP271\3184.png,BP271\3215.png,BP271\3236.png,BP271\3164.png,BP271\3166.png,BP271\3169.png,BP271\3190.png,BP271\3199.png,BP271\3245.png
BP272,Convex hull is a triangle vs. convex hull is a quadrilateral.,BP272\solution.txt,BP272\3164.png,BP272\3169.png,BP272\3172.png,BP272\3198.png,BP272\3248.png,BP272\3253.png,BP272\3166.png,BP272\3173.png,BP272\3178.png,BP272\3190.png,BP272\3199.png,BP272\3254.png
BP273,Stays put (both when placed on its top and bottom) vs. tumbles (when placed on its bottom).,BP273\solution.txt,BP273\3164.png,BP273\3167.png,BP273\3173.png,BP273\3190.png,BP273\3199.png,BP273\3265.png,BP273\3170.png,BP273\3171.png,BP273\3174.png,BP273\3231.png,BP273\3254.png,BP273\3266.png
BP274,Notch from above (holds poured water) vs. no notch from above (does not hold poured water).,BP274\solution.txt,BP274\3167.png,BP274\3168.png,BP274\3171.png,BP274\3178.png,BP274\3190.png,BP274\3253.png,BP274\3164.png,BP274\3169.png,BP274\3170.png,BP274\3172.png,BP274\3213.png,BP274\3215.png
BP275,Straight line joining the ends does not intersect the object vs. straight line joining the ends intersects the object.,BP275\solution.txt,BP275\3171.png,BP275\3172.png,BP275\3184.png,BP275\3198.png,BP275\3231.png,BP275\3254.png,BP275\3173.png,BP275\3175.png,BP275\3211.png,BP275\3213.png,BP275\3265.png,BP275\3290.png
BP276,At least one endpoint vs. no endpoints.,BP276\solution.txt,BP276\3164.png,BP276\3168.png,BP276\3174.png,BP276\3175.png,BP276\3230.png,BP276\3231.png,BP276\3165.png,BP276\3215.png,BP276\3236.png,BP276\3303.png,BP276\3304.png,BP276\3307.png
BP277,One object vs. two or more objects.,BP277\solution.txt,BP277\3175.png,BP277\3176.png,BP277\3178.png,BP277\3215.png,BP277\3308.png,BP277\3310.png,BP277\3186.png,BP277\3201.png,BP277\3206.png,BP277\3209.png,BP277\3314.png,BP277\3315.png
BP278,"Shorter on the left, taller on the right vs. taller on the left, shorter on the right.",BP278\solution.txt,BP278\3320.png,BP278\3321.png,BP278\3322.png,BP278\3323.png,BP278\3324.png,BP278\3325.png,BP278\3326.png,BP278\3327.png,BP278\3328.png,BP278\3329.png,BP278\3330.png,BP278\3331.png
BP279,The left part has more pixels (area) than the right part vs. the left part has fewer pixels than the right part.,BP279\solution.txt,BP279\3332.png,BP279\3333.png,BP279\3334.png,BP279\3335.png,BP279\3336.png,BP279\3337.png,BP279\3338.png,BP279\3339.png,BP279\3340.png,BP279\3341.png,BP279\3342.png,BP279\3343.png
BP280,The left part is wider than the right part vs. the left part is narrower than the right part.,BP280\solution.txt,BP280\3333.png,BP280\3344.png,BP280\3346.png,BP280\3347.png,BP280\3348.png,BP280\3349.png,BP280\3320.png,BP280\3338.png,BP280\3352.png,BP280\3353.png,BP280\3354.png,BP280\3355.png
BP281,Equal number of horizontal and vertical lines vs. unequal number of horizontal and vertical lines.,BP281\solution.txt,BP281\3356.png,BP281\3357.png,BP281\3358.png,BP281\3359.png,BP281\3360.png,BP281\3361.png,BP281\3362.png,BP281\3363.png,BP281\3364.png,BP281\3365.png,BP281\3366.png,BP281\3367.png
BP282,Shape of black region has as many sides as overall object vs. shape of black region has different number of sides than overall object.,BP282\solution.txt,BP282\3368.png,BP282\3369.png,BP282\3370.png,BP282\3371.png,BP282\3372.png,BP282\3373.png,BP282\3374.png,BP282\3375.png,BP282\3376.png,BP282\3377.png,BP282\3378.png,BP282\3379.png
BP283,Rectangle left after tiling all black shapes into empty square vs. triangle left after tiling all black shapes into empty square.,BP283\solution.txt,BP283\3380.png,BP283\3381.png,BP283\3382.png,BP283\3383.png,BP283\3384.png,BP283\3385.png,BP283\3386.png,BP283\3387.png,BP283\3388.png,BP283\3389.png,BP283\3390.png,BP283\3391.png
BP284,Half of the square is filled vs. either more or less than half of the square is filled.,BP284\solution.txt,BP284\3392.png,BP284\3393.png,BP284\3394.png,BP284\3395.png,BP284\3396.png,BP284\3397.png,BP284\3398.png,BP284\3399.png,BP284\3400.png,BP284\3401.png,BP284\3402.png,BP284\3403.png
BP285,The centers (barycenters) of the objects are collinear vs. the centers (barycenters) of the objects are not collinear.,BP285\solution.txt,BP285\3404.png,BP285\3405.png,BP285\3406.png,BP285\3407.png,BP285\3408.png,BP285\3409.png,BP285\3410.png,BP285\3411.png,BP285\3412.png,BP285\3413.png,BP285\3414.png,BP285\3415.png
BP286,Decreasing in size from top to bottom vs. increasing in size from top to bottom.,BP286\solution.txt,BP286\3416.png,BP286\3417.png,BP286\3418.png,BP286\3419.png,BP286\3420.png,BP286\3421.png,BP286\3422.png,BP286\3423.png,BP286\3424.png,BP286\3425.png,BP286\3426.png,BP286\3427.png
BP287,Rays emanating from a central point vs. not so.,BP287\solution.txt,BP287\3428.png,BP287\3429.png,BP287\3430.png,BP287\3431.png,BP287\3432.png,BP287\3433.png,BP287\3434.png,BP287\3435.png,BP287\3436.png,BP287\3437.png,BP287\3438.png,BP287\3439.png
BP288,The sum of the ratios of the filled areas is 1 vs. the sum of the ratios of the filled areas is other than 1.,BP288\solution.txt,BP288\3440.png,BP288\3441.png,BP288\3442.png,BP288\3443.png,BP288\3444.png,BP288\3445.png,BP288\3446.png,BP288\3447.png,BP288\3448.png,BP288\3449.png,BP288\3450.png,BP288\3451.png
BP289,"Shapes, if tiled up properly, form a square vs. shapes cannot form a square no matter how they are tiled.",BP289\solution.txt,BP289\3452.png,BP289\3453.png,BP289\3454.png,BP289\3455.png,BP289\3456.png,BP289\3457.png,BP289\3458.png,BP289\3459.png,BP289\3460.png,BP289\3461.png,BP289\3462.png,BP289\3463.png
BP290,"If any non-nosed faces exist, they are happy if and only if happy nosed faces exist as well vs. not so.",BP290\solution.txt,BP290\3464.png,BP290\3465.png,BP290\3466.png,BP290\3467.png,BP290\3468.png,BP290\3469.png,BP290\3470.png,BP290\3471.png,BP290\3472.png,BP290\3473.png,BP290\3474.png,BP290\3475.png
BP291,The shapes in the large square never appear outside of it vs. at least one shape in the large square appears outside of it.,BP291\solution.txt,BP291\3476.png,BP291\3477.png,BP291\3478.png,BP291\3479.png,BP291\3480.png,BP291\3481.png,BP291\3482.png,BP291\3483.png,BP291\3484.png,BP291\3485.png,BP291\3486.png,BP291\3487.png
BP292,Angle made by shapes with vertex at square is not acute vs. angle made by shapes with vertex at square is acute.,BP292\solution.txt,BP292\3488.png,BP292\3489.png,BP292\3490.png,BP292\3491.png,BP292\3492.png,BP292\3493.png,BP292\3494.png,BP292\3495.png,BP292\3496.png,BP292\3497.png,BP292\3498.png,BP292\3499.png
BP293,Square divided into four areas of the same size and shape vs. not so.,BP293\solution.txt,BP293\3500.png,BP293\3501.png,BP293\3502.png,BP293\3503.png,BP293\3504.png,BP293\3505.png,BP293\3506.png,BP293\3507.png,BP293\3508.png,BP293\3509.png,BP293\3510.png,BP293\3511.png
BP294,The two points are reachable through a path vs. the two points are unreachable by any path.,BP294\solution.txt,BP294\3512.png,BP294\3513.png,BP294\3514.png,BP294\3515.png,BP294\3516.png,BP294\3517.png,BP294\3518.png,BP294\3519.png,BP294\3520.png,BP294\3521.png,BP294\3522.png,BP294\3523.png
BP295,Line joins large and small square vs. line joins the two middle-sized squares.,BP295\solution.txt,BP295\3524.png,BP295\3525.png,BP295\3526.png,BP295\3527.png,BP295\3528.png,BP295\3529.png,BP295\3530.png,BP295\3531.png,BP295\3532.png,BP295\3533.png,BP295\3534.png,BP295\3535.png
BP296,All three sizes are present vs. only two of the three sizes present.,BP296\solution.txt,BP296\3536.png,BP296\3537.png,BP296\3538.png,BP296\3539.png,BP296\3540.png,BP296\3541.png,BP296\3542.png,BP296\3543.png,BP296\3544.png,BP296\3545.png,BP296\3546.png,BP296\3547.png
BP297,Ghost shape is square vs. Ghost shape is rectangular.,BP297\solution.txt,BP297\3548.png,BP297\3549.png,BP297\3550.png,BP297\3551.png,BP297\3552.png,BP297\3553.png,BP297\3554.png,BP297\3555.png,BP297\3556.png,BP297\3557.png,BP297\3558.png,BP297\3559.png
BP298,One of the two small squares is near the lower-right corner vs. one of the two small squares is near the upper-right corner.,BP298\solution.txt,BP298\3560.png,BP298\3561.png,BP298\3562.png,BP298\3563.png,BP298\3564.png,BP298\3565.png,BP298\3566.png,BP298\3567.png,BP298\3568.png,BP298\3569.png,BP298\3570.png,BP298\3571.png
BP299,Lines if slightly extended make up a regular polygon vs. lines if slightly extended cannot make up a regular polygon.,BP299\solution.txt,BP299\3572.png,BP299\3573.png,BP299\3574.png,BP299\3575.png,BP299\3576.png,BP299\3577.png,BP299\3578.png,BP299\3579.png,BP299\3580.png,BP299\3581.png,BP299\3582.png,BP299\3583.png
BP300,Acceleration and deceleration vs. constant speed.,BP300\solution.txt,BP300\3584.gif,BP300\3585.gif,BP300\3586.gif,BP300\3587.gif,BP300\3588.gif,BP300\3589.gif,BP300\3590.gif,BP300\3591.gif,BP300\3592.gif,BP300\3593.gif,BP300\3594.gif,BP300\3595.gif
